-- phpMyAdmin SQL Dump
-- version 4.0.4.2
-- http://www.phpmyadmin.net
--
-- Máquina: localhost
-- Data de Criação: 03-Nov-2025 às 13:13
-- Versão do servidor: 5.6.13
-- versão do PHP: 5.4.17

SET SQL_MODE = "NO_AUTO_VALUE_ON_ZERO";
SET time_zone = "+00:00";


/*!40101 SET @OLD_CHARACTER_SET_CLIENT=@@CHARACTER_SET_CLIENT */;
/*!40101 SET @OLD_CHARACTER_SET_RESULTS=@@CHARACTER_SET_RESULTS */;
/*!40101 SET @OLD_COLLATION_CONNECTION=@@COLLATION_CONNECTION */;
/*!40101 SET NAMES utf8 */;

--
-- Base de Dados: `arca_do_aventureiro`
--
CREATE DATABASE IF NOT EXISTS `arca_do_aventureiro` DEFAULT CHARACTER SET latin1 COLLATE latin1_swedish_ci;
USE `arca_do_aventureiro`;

-- --------------------------------------------------------

--
-- Estrutura da tabela `classes`
--

CREATE TABLE IF NOT EXISTS `classes` (
  `id` int(11) NOT NULL AUTO_INCREMENT,
  `nome` varchar(100) NOT NULL,
  `pv_inicial` int(11) NOT NULL,
  `pv_por_nivel` int(11) NOT NULL,
  `pe_inicial` int(11) NOT NULL DEFAULT '1',
  `pe_por_nivel` int(11) NOT NULL,
  `san_inicial` int(11) NOT NULL,
  `san_por_nivel` int(11) NOT NULL,
  PRIMARY KEY (`id`)
) ENGINE=InnoDB  DEFAULT CHARSET=utf8mb4 AUTO_INCREMENT=4 ;

--
-- Extraindo dados da tabela `classes`
--

INSERT INTO `classes` (`id`, `nome`, `pv_inicial`, `pv_por_nivel`, `pe_inicial`, `pe_por_nivel`, `san_inicial`, `san_por_nivel`) VALUES
(1, 'Combatente', 20, 4, 2, 2, 12, 3),
(2, 'Especialista', 16, 3, 3, 3, 16, 4),
(3, 'Ocultista', 12, 2, 4, 4, 20, 5);

-- --------------------------------------------------------

--
-- Estrutura da tabela `historias`
--

CREATE TABLE IF NOT EXISTS `historias` (
  `id` int(11) NOT NULL AUTO_INCREMENT,
  `user_id` int(11) NOT NULL,
  `titulo` varchar(255) NOT NULL,
  `sistema_jogo` varchar(100) DEFAULT 'Desconhecido',
  `sinopse` text,
  `imagem_historia` varchar(255) DEFAULT 'default_historia.jpg',
  `data_criacao` timestamp NOT NULL DEFAULT CURRENT_TIMESTAMP,
  PRIMARY KEY (`id`),
  KEY `user_id` (`user_id`)
) ENGINE=InnoDB DEFAULT CHARSET=utf8mb4 AUTO_INCREMENT=1 ;

-- --------------------------------------------------------

--
-- Estrutura da tabela `inventario_op`
--

CREATE TABLE IF NOT EXISTS `inventario_op` (
  `id` int(11) NOT NULL AUTO_INCREMENT,
  `personagem_id` int(11) NOT NULL,
  `item_id` int(11) NOT NULL,
  `quantidade` int(11) NOT NULL DEFAULT '1',
  PRIMARY KEY (`id`),
  KEY `personagem_id` (`personagem_id`),
  KEY `item_id` (`item_id`)
) ENGINE=InnoDB DEFAULT CHARSET=utf8mb4 AUTO_INCREMENT=1 ;

-- --------------------------------------------------------

--
-- Estrutura da tabela `itens_op`
--

CREATE TABLE IF NOT EXISTS `itens_op` (
  `id` int(11) NOT NULL AUTO_INCREMENT,
  `nome` varchar(255) NOT NULL,
  `tipo_item_id` int(11) NOT NULL COMMENT '1: Arma, 2: Proteção, 3: Geral, 4: Amaldiçoado',
  `categoria` int(11) NOT NULL DEFAULT '0' COMMENT 'O número romano da categoria (I, II, III, IV)',
  `espacos` int(11) NOT NULL DEFAULT '1',
  `descricao` text,
  `dano` varchar(20) DEFAULT NULL,
  `critico` varchar(20) DEFAULT NULL,
  `alcance` varchar(50) DEFAULT NULL,
  `tipo_dano` varchar(20) DEFAULT NULL,
  `defesa_bonus` int(11) DEFAULT NULL,
  PRIMARY KEY (`id`)
) ENGINE=InnoDB  DEFAULT CHARSET=utf8mb4 AUTO_INCREMENT=78 ;

--
-- Extraindo dados da tabela `itens_op`
--

INSERT INTO `itens_op` (`id`, `nome`, `tipo_item_id`, `categoria`, `espacos`, `descricao`, `dano`, `critico`, `alcance`, `tipo_dano`, `defesa_bonus`) VALUES
(1, 'Coronhada', 1, 0, 1, NULL, '1d4/1d6', 'x2', '-', 'I', NULL),
(2, 'Faca', 1, 0, 1, NULL, '1d4', '19', 'Curto', 'C', NULL),
(3, 'Martelo', 1, 0, 1, NULL, '1d6', 'x2', '-', 'I', NULL),
(4, 'Punhal', 1, 0, 1, NULL, '1d4', 'x3', '-', 'P', NULL),
(5, 'Bastão', 1, 0, 1, NULL, '1d6/1d8', 'x2', '-', 'I', NULL),
(6, 'Machete', 1, 0, 1, NULL, '1d6', '19', '-', 'C', NULL),
(7, 'Lança', 1, 0, 1, NULL, '1d6', 'x2', 'Curto', 'P', NULL),
(8, 'Cajado', 1, 0, 2, NULL, '1d6/1d6', 'x2', '-', 'I', NULL),
(9, 'Arco', 1, 0, 2, NULL, '1d6', 'x3', 'Médio', 'P', NULL),
(10, 'Flechas', 1, 0, 1, NULL, '-', '-', '-', '-', NULL),
(11, 'Besta', 1, 0, 2, NULL, '1d8', '19', 'Médio', 'P', NULL),
(12, 'Pistola', 1, 1, 1, NULL, '1d12', '18', 'Curto', 'B', NULL),
(13, 'Balas Curtas', 1, 0, 1, NULL, '-', '-', '-', '-', NULL),
(14, 'Revólver', 1, 1, 1, NULL, '2d6', '19/x3', 'Curto', 'B', NULL),
(15, 'Fuzil de Caça', 1, 1, 2, NULL, '2d8', '19/x3', 'Médio', 'B', NULL),
(16, 'Balas Longas', 1, 1, 1, NULL, '-', '-', '-', '-', NULL),
(17, 'Machadinha', 1, 0, 1, NULL, '1d6', 'x3', 'Curto', 'C', NULL),
(18, 'Nunchaku', 1, 0, 1, NULL, '1d8', 'x2', '-', 'I', NULL),
(19, 'Corrente', 1, 0, 1, NULL, '1d8', 'x2', '-', 'I', NULL),
(20, 'Espada', 1, 1, 1, NULL, '1d8/1d10', '19', '-', 'C', NULL),
(21, 'Florete', 1, 1, 1, NULL, '1d6', '18', '-', 'C', NULL),
(22, 'Machado', 1, 1, 1, NULL, '1d8', 'x3', '-', 'C', NULL),
(23, 'Maça', 1, 1, 1, NULL, '2d4', 'x2', '-', 'I', NULL),
(24, 'Acha', 1, 1, 2, NULL, '1d12', 'x3', '-', 'C', NULL),
(25, 'Gadanho', 1, 1, 2, NULL, '2d4', 'x4', '-', 'C', NULL),
(26, 'Katana', 1, 1, 2, NULL, '1d10', '19', '-', 'C', NULL),
(27, 'Marreta', 1, 1, 2, NULL, '3d4', 'x2', '-', 'I', NULL),
(28, 'Montante', 1, 1, 2, NULL, '2d6', '19', '-', 'C', NULL),
(29, 'Motosserra', 1, 1, 2, NULL, '3d6', 'x2', '-', 'C', NULL),
(30, 'Arco Composto', 1, 1, 2, NULL, '1d10', 'x3', 'Médio', 'P', NULL),
(31, 'Balestra', 1, 1, 2, NULL, '1d12', '19', 'Médio', 'P', NULL),
(32, 'Submetralhadora', 1, 1, 1, NULL, '2d6', '19/x3', 'Curto', 'B', NULL),
(33, 'Espingarda', 1, 1, 2, NULL, '4d6', 'x3', 'Curto', 'B', NULL),
(34, 'Cartuchos', 1, 1, 1, NULL, '-', '-', '-', '-', NULL),
(35, 'Fuzil de Assalto', 1, 2, 2, NULL, '2d10', '19/x3', 'Médio', 'B', NULL),
(36, 'Fuzil de Precisão', 1, 3, 2, NULL, '2d10', '19/x3', 'Longo', 'B', NULL),
(37, 'Bazuca', 1, 3, 2, NULL, '10d8', 'x2', 'Médio', 'I', NULL),
(38, 'Foguete', 1, 1, 1, NULL, '-', '-', '-', '-', NULL),
(39, 'Lança-Chamas', 1, 3, 2, NULL, '6d6', 'x2', 'Curto', 'Fogo', NULL),
(40, 'Combustível', 1, 1, 1, NULL, '-', '-', '-', '-', NULL),
(41, 'Metralhadora', 1, 2, 2, NULL, '2d12', 'x2', 'Médio', 'B', NULL),
(42, 'Proteção Leve', 2, 1, 2, NULL, NULL, NULL, NULL, NULL, 5),
(43, 'Proteção Pesada', 2, 2, 5, NULL, NULL, NULL, NULL, NULL, 10),
(44, 'Escudo', 2, 1, 2, NULL, NULL, NULL, NULL, NULL, 2),
(45, 'Kit de perícia', 3, 0, 1, NULL, NULL, NULL, NULL, NULL, NULL),
(46, 'Utensílio', 3, 1, 1, NULL, NULL, NULL, NULL, NULL, NULL),
(47, 'Vestimenta', 3, 1, 1, NULL, NULL, NULL, NULL, NULL, NULL),
(48, 'Granada de atordoamento', 3, 0, 1, NULL, NULL, NULL, NULL, NULL, NULL),
(49, 'Granada de fragmentação', 3, 1, 1, NULL, NULL, NULL, NULL, NULL, NULL),
(50, 'Granada de fumaça', 3, 0, 1, NULL, NULL, NULL, NULL, NULL, NULL),
(51, 'Granada incendiária', 3, 1, 1, NULL, NULL, NULL, NULL, NULL, NULL),
(52, 'Mina antipessoal', 3, 1, 1, NULL, NULL, NULL, NULL, NULL, NULL),
(53, 'Algemas', 3, 0, 1, NULL, NULL, NULL, NULL, NULL, NULL),
(54, 'Arpéu', 3, 0, 1, NULL, NULL, NULL, NULL, NULL, NULL),
(55, 'Bandoleira', 3, 1, 1, NULL, NULL, NULL, NULL, NULL, NULL),
(56, 'Binóculos', 3, 0, 1, NULL, NULL, NULL, NULL, NULL, NULL),
(57, 'Bloqueador de sinal', 3, 1, 1, NULL, NULL, NULL, NULL, NULL, NULL),
(58, 'Cicatrizante', 3, 1, 1, NULL, NULL, NULL, NULL, NULL, NULL),
(59, 'Corda', 3, 0, 1, NULL, NULL, NULL, NULL, NULL, NULL),
(60, 'Equipamento de sobrevivência', 3, 0, 2, NULL, NULL, NULL, NULL, NULL, NULL),
(61, 'Lanterna tática', 3, 1, 1, NULL, NULL, NULL, NULL, NULL, NULL),
(62, 'Máscara de gás', 3, 0, 1, NULL, NULL, NULL, NULL, NULL, NULL),
(63, 'Mochila militar', 3, 1, 0, NULL, NULL, NULL, NULL, NULL, NULL),
(64, 'Óculos de visão térmica', 3, 1, 1, NULL, NULL, NULL, NULL, NULL, NULL),
(65, 'Pé de cabra', 3, 0, 1, NULL, NULL, NULL, NULL, NULL, NULL),
(66, 'Pistola de dardos', 3, 1, 1, NULL, NULL, NULL, NULL, NULL, NULL),
(67, 'Pistola sinalizadora', 3, 0, 1, NULL, NULL, NULL, NULL, NULL, NULL),
(68, 'Soqueira', 3, 0, 1, NULL, NULL, NULL, NULL, NULL, NULL),
(69, 'Spray de pimenta', 3, 1, 1, NULL, NULL, NULL, NULL, NULL, NULL),
(70, 'Taser', 3, 1, 1, NULL, NULL, NULL, NULL, NULL, NULL),
(71, 'Traje hazmat', 3, 1, 2, NULL, NULL, NULL, NULL, NULL, NULL),
(72, 'Amarras de (elemento)', 4, 2, 1, NULL, NULL, NULL, NULL, NULL, NULL),
(73, 'Câmera de aura paranormal', 4, 2, 1, NULL, NULL, NULL, NULL, NULL, NULL),
(74, 'Componentes ritualísticos de (elemento)', 4, 0, 1, NULL, NULL, NULL, NULL, NULL, NULL),
(75, 'Emissor de pulsos paranormais', 4, 2, 1, NULL, NULL, NULL, NULL, NULL, NULL),
(76, 'Escuta de ruídos paranormais', 4, 2, 1, NULL, NULL, NULL, NULL, NULL, NULL),
(77, 'Scanner de manifestação paranormal de (elemento)', 4, 2, 1, NULL, NULL, NULL, NULL, NULL, NULL);

-- --------------------------------------------------------

--
-- Estrutura da tabela `mundos`
--

CREATE TABLE IF NOT EXISTS `mundos` (
  `id` int(11) NOT NULL AUTO_INCREMENT,
  `user_id` int(11) NOT NULL,
  `nome` varchar(255) NOT NULL,
  `sistema_jogo` varchar(100) DEFAULT 'Desconhecido',
  `descricao` text,
  `imagem_mundo` varchar(255) DEFAULT 'default_mundo.jpg',
  `data_criacao` timestamp NOT NULL DEFAULT CURRENT_TIMESTAMP,
  PRIMARY KEY (`id`),
  KEY `user_id` (`user_id`)
) ENGINE=InnoDB DEFAULT CHARSET=utf8mb4 AUTO_INCREMENT=1 ;

-- --------------------------------------------------------

--
-- Estrutura da tabela `op_item_modificacoes`
--

CREATE TABLE IF NOT EXISTS `op_item_modificacoes` (
  `id` int(11) NOT NULL AUTO_INCREMENT,
  `item_id` int(11) NOT NULL,
  `modificacao_id` int(11) NOT NULL,
  `tipo_item` enum('arma','protecao','geral','paranormal') NOT NULL,
  PRIMARY KEY (`id`),
  KEY `item_id` (`item_id`),
  KEY `modificacao_id` (`modificacao_id`)
) ENGINE=InnoDB DEFAULT CHARSET=latin1 AUTO_INCREMENT=1 ;

-- --------------------------------------------------------

--
-- Estrutura da tabela `op_modificacoes`
--

CREATE TABLE IF NOT EXISTS `op_modificacoes` (
  `id` int(11) NOT NULL AUTO_INCREMENT,
  `nome` varchar(100) NOT NULL,
  `tipo_item` varchar(50) NOT NULL,
  `efeito` text NOT NULL,
  `categoria_extra` int(11) NOT NULL DEFAULT '0',
  `tipo_modificacao` enum('mundana','paranormal') NOT NULL,
  `elemento` varchar(20) DEFAULT NULL,
  PRIMARY KEY (`id`)
) ENGINE=InnoDB  DEFAULT CHARSET=utf8mb4 AUTO_INCREMENT=39 ;

--
-- Extraindo dados da tabela `op_modificacoes`
--

INSERT INTO `op_modificacoes` (`id`, `nome`, `tipo_item`, `efeito`, `categoria_extra`, `tipo_modificacao`, `elemento`) VALUES
(1, 'Certeira', 'arma', '+2 em testes de ataque.', 1, 'mundana', NULL),
(2, 'Cruel', 'arma', '+2 em rolagens de dano.', 1, 'mundana', NULL),
(3, 'Discreta', 'arma', '+5 em testes para ser ocultada e reduz o espaço em -1.', 1, 'mundana', NULL),
(4, 'Perigosa', 'arma', '+2 em margem de ameaça.', 1, 'mundana', NULL),
(5, 'Tática', 'arma', 'Pode sacar como ação livre.', 1, 'mundana', NULL),
(6, 'Alongada', 'arma', '+2 em testes de ataque.', 1, 'mundana', NULL),
(7, 'Calibre Grosso', 'arma', 'Aumenta o dano em mais um dado do mesmo tipo.', 1, 'mundana', NULL),
(8, 'Compensador', 'arma', 'Anula penalidade por rajadas.', 1, 'mundana', NULL),
(9, 'Ferrolho Automático', 'arma', 'A arma se torna automática.', 1, 'mundana', NULL),
(10, 'Mira Laser', 'arma', '+2 em margem de ameaça.', 1, 'mundana', NULL),
(11, 'Mira Telescópica', 'arma', 'Aumenta alcance da arma e a habilidade Ataque Furtivo.', 1, 'mundana', NULL),
(12, 'Silenciador', 'arma', 'Reduz em -2d20 a penalidade em Furtividade para se esconder após atacar.', 1, 'mundana', NULL),
(13, 'Visão de Calor', 'arma', 'Ignora camuflagem.', 1, 'mundana', NULL),
(14, 'Dum dum', 'arma', '+1 em multiplicador de crítico.', 1, 'mundana', NULL),
(15, 'Explosiva', 'arma', 'Aumenta o dano em +2d6.', 1, 'mundana', NULL),
(16, 'Abascanta', 'protecao', '+5 em testes de resistência contra rituais.', 1, 'paranormal', 'Conhecimento'),
(17, 'Profética', 'protecao', 'Resistência a Conhecimento 10.', 1, 'paranormal', 'Conhecimento'),
(18, 'Cinética', 'protecao', '+2 em Defesa e resistência a dano 2.', 1, 'paranormal', 'Energia'),
(19, 'Lépida', 'protecao', '+10 em testes de Atletismo e +3m de deslocamento.', 1, 'paranormal', 'Energia'),
(20, 'Voltáica', 'protecao', 'Resistência a Energia 10.', 1, 'paranormal', 'Energia'),
(21, 'Letárgica', 'protecao', '+2 em Defesa e chance de ignorar dano extra.', 1, 'paranormal', 'Morte'),
(22, 'Repulsiva', 'protecao', 'Resistência a Morte 10.', 1, 'paranormal', 'Morte'),
(23, 'Sombria', 'protecao', '+5 em Furtividade e ignora penalidade de carga.', 1, 'paranormal', 'Morte'),
(24, 'Regenerativa', 'protecao', 'Resistência a Sangue 10.', 1, 'paranormal', 'Sangue'),
(25, 'Sádica', 'protecao', '+1 em testes de ataque e rolagens de dano para cada 10 pontos de dano sofrido.', 1, 'paranormal', 'Sangue'),
(26, 'Carisma', 'acessorio', '+1 em Presença.', 1, 'paranormal', 'Conhecimento'),
(27, 'Conjuração', 'acessorio', 'Permite conjurar um ritual de 1º círculo.', 1, 'paranormal', 'Conhecimento'),
(28, 'Escudo Mental', 'acessorio', 'Resistência mental 10.', 1, 'paranormal', 'Conhecimento'),
(29, 'Reflexão', 'acessorio', 'Pode refletir um ritual de volta ao conjurador.', 1, 'paranormal', 'Conhecimento'),
(30, 'Sagacidade', 'acessorio', '+1 em Intelecto.', 1, 'paranormal', 'Conhecimento'),
(31, 'Defesa', 'acessorio', '+5 em Defesa.', 1, 'paranormal', 'Energia'),
(32, 'Destreza', 'acessorio', '+1 em Agilidade.', 1, 'paranormal', 'Energia'),
(33, 'Potência', 'acessorio', 'Aumenta a DT de habilidades, poderes e rituais em +1.', 1, 'paranormal', 'Energia'),
(34, 'Esforço Adicional', 'acessorio', '+5 PE.', 1, 'paranormal', 'Morte'),
(35, 'Disposição', 'acessorio', '+1 em Vigor.', 1, 'paranormal', 'Sangue'),
(36, 'Pujança', 'acessorio', '+1 em Força.', 1, 'paranormal', 'Sangue'),
(37, 'Vitalidade', 'acessorio', '+15 PV.', 1, 'paranormal', 'Sangue'),
(38, 'Proteção Elemental', 'acessorio', 'Resistência 10 contra um elemento.', 1, 'paranormal', 'Varia');

-- --------------------------------------------------------

--
-- Estrutura da tabela `op_personagem_itens`
--

CREATE TABLE IF NOT EXISTS `op_personagem_itens` (
  `id` int(11) NOT NULL AUTO_INCREMENT,
  `personagem_id` int(11) NOT NULL,
  `item_id` int(11) NOT NULL,
  `tipo_item` enum('arma','protecao','geral','paranormal') NOT NULL,
  `modificacoes` text,
  `categoria_final` int(11) NOT NULL DEFAULT '0',
  PRIMARY KEY (`id`),
  KEY `personagem_id` (`personagem_id`)
) ENGINE=InnoDB DEFAULT CHARSET=utf8mb4 AUTO_INCREMENT=1 ;

-- --------------------------------------------------------

--
-- Estrutura da tabela `origens`
--

CREATE TABLE IF NOT EXISTS `origens` (
  `id` int(11) NOT NULL AUTO_INCREMENT,
  `nome` varchar(100) NOT NULL,
  `poder_nome` varchar(100) NOT NULL,
  `poder_desc` text NOT NULL,
  PRIMARY KEY (`id`)
) ENGINE=InnoDB  DEFAULT CHARSET=utf8mb4 AUTO_INCREMENT=27 ;

--
-- Extraindo dados da tabela `origens`
--

INSERT INTO `origens` (`id`, `nome`, `poder_nome`, `poder_desc`) VALUES
(1, 'Acadêmico', 'Saber é Poder', 'Você pode usar seu Intelecto em vez de Presença em testes de Ocultismo e Religião.'),
(2, 'Agente de Saúde', 'Médico de Campo', 'Sempre que você curar um personagem com a perícia Medicina, você adiciona seu Intelecto no total de PV curados.'),
(3, 'Amnésico', 'Vislumbres do Passado', 'Uma vez por cena, você pode gastar 2 PE para rolar novamente um teste de perícia recém realizado. Você deve usar o segundo resultado.'),
(4, 'Artista', 'Obra Prima', 'Você pode gastar uma ação padrão e 2 PE para inspirar seus aliados. Você e aliados em alcance curto recebem +2 em testes de Vontade até o fim da cena.'),
(5, 'Atleta', '110%', 'Você pode gastar 2 PE para receber +5 em um teste de Atletismo ou Acrobacia.'),
(6, 'Chef', 'Comida Caseira', 'Você pode gastar uma ação padrão e 2 PE para preparar um alimento. Um personagem pode consumir este alimento para recuperar 1d6 pontos de vida.'),
(7, 'Criminoso', 'O Crime Compensa', 'No início de cada missão, você recebe um item adicional de categoria I à sua escolha.'),
(8, 'Cultista Arrependido', 'Traços do Outro Lado', 'Você sabe identificar e falar o idioma do Outro Lado, "Língua das Profundezas". Além disso, recebe +2 em testes de Ocultismo.'),
(9, 'Desgarrado', 'Calejado', 'Você recebe +1 PV para cada 5% de NEX.'),
(10, 'Engenheiro', 'Ferramentas Favoritas', 'Você recebe um kit de perícia de Profissão (Engenharia) com a modificação "Melhorada", que fornece +2 em testes.'),
(11, 'Executivo', 'Processo Otimizado', 'Uma vez por cena, você pode gastar 2 PE para realizar uma ação de interlúdio de "Obter Informação" como uma ação padrão.'),
(12, 'Lutador', 'Mão Pesada', 'Seus ataques desarmados causam 1d6 de dano e podem causar dano letal.'),
(13, 'Magnata', 'Patrocinador da Ordem', 'Você recebe +2 de Crédito no início de cada missão.'),
(14, 'Militar', 'Para Bellum', 'Você recebe +2 em rolagens de dano com armas de fogo.'),
(15, 'Operário', 'Ferramenta de Trabalho', 'Escolha uma arma simples ou tática que se assemelhe a uma ferramenta. Você recebe proficiência com essa arma.'),
(16, 'Policial', 'Investigador', 'Você recebe +2 na defesa\r\n'),
(17, 'Religioso', 'Acalentar', 'Você pode gastar uma ação padrão e 2 PE para acalmar um alvo em alcance curto, que recupera 1d6 pontos de Sanidade.'),
(18, 'Servidor Público', 'Espírito Cívico', 'Você recebe +2 em testes de Diplomacia e Intimidação.'),
(19, 'Teórico da Conspiração', 'Eu Sabia!', 'Uma vez por cena, você pode gastar 2 PE para receber +5 em um teste de Atualidades ou Investigação para descobrir uma pista ou segredo.'),
(20, 'T.I.', 'Motor de Busca', 'Você pode gastar 2 PE para usar a perícia Tecnologia para procurar informações como se estivesse usando Investigação.'),
(21, 'Trabalhador Rural', 'Desbravador', 'Você recebe +5 em testes de Sobrevivência.'),
(22, 'Trambiqueiro', 'Impostor', 'Você pode gastar 2 PE para receber +5 em um teste de Enganação.'),
(23, 'Universitário', 'Dedicado', 'Você recebe +2 em testes de Intelecto.'),
(24, 'Vítima', 'Cicatrizes Psicológicas', 'Você recebe +1 de Sanidade para cada 5% de NEX.'),
(25, 'Investigador', 'Faro para Pistas', 'Uma vez por cena, quando fizer um teste  para procurar pistas, você pode gastar 1 PE para receber +5 nesse teste.'),
(26, 'Mercenário', 'Posição de combate', 'No primeiro turno de cada cena de ação, você pode gastar 2 PE para receber uma ação de movimento adicional.');

-- --------------------------------------------------------

--
-- Estrutura da tabela `pericias`
--

CREATE TABLE IF NOT EXISTS `pericias` (
  `id` int(11) NOT NULL AUTO_INCREMENT,
  `personagem_id` int(11) NOT NULL,
  `nome` varchar(50) NOT NULL,
  `valor` int(11) NOT NULL,
  PRIMARY KEY (`id`),
  UNIQUE KEY `personagem_pericia_unique` (`personagem_id`,`nome`)
) ENGINE=InnoDB DEFAULT CHARSET=utf8mb4 AUTO_INCREMENT=1 ;

-- --------------------------------------------------------

--
-- Estrutura da tabela `personagem_t20_inventario`
--

CREATE TABLE IF NOT EXISTS `personagem_t20_inventario` (
  `id` int(11) NOT NULL AUTO_INCREMENT,
  `personagem_id` int(11) NOT NULL,
  `item_id` int(11) NOT NULL,
  `quantidade` int(11) NOT NULL DEFAULT '1',
  `equipado` tinyint(1) NOT NULL DEFAULT '0',
  PRIMARY KEY (`id`),
  KEY `idx_personagem_inventario` (`personagem_id`),
  KEY `fk_item_inventario_t20` (`item_id`)
) ENGINE=InnoDB  DEFAULT CHARSET=utf8mb4 AUTO_INCREMENT=10 ;

-- --------------------------------------------------------

--
-- Estrutura da tabela `personagem_t20_poderes`
--

CREATE TABLE IF NOT EXISTS `personagem_t20_poderes` (
  `id` int(11) NOT NULL AUTO_INCREMENT,
  `personagem_id` int(11) NOT NULL,
  `poder_id` int(11) NOT NULL,
  `tipo_poder` varchar(20) NOT NULL,
  PRIMARY KEY (`id`),
  KEY `idx_personagem_poder` (`personagem_id`)
) ENGINE=InnoDB  DEFAULT CHARSET=utf8mb4 AUTO_INCREMENT=6 ;

-- --------------------------------------------------------

--
-- Estrutura da tabela `personagens_op`
--

CREATE TABLE IF NOT EXISTS `personagens_op` (
  `id` int(11) NOT NULL AUTO_INCREMENT,
  `user_id` int(11) NOT NULL,
  `nome` varchar(100) NOT NULL,
  `imagem` varchar(255) DEFAULT 'default.jpg',
  `nex` int(11) NOT NULL DEFAULT '5',
  `origem_id` int(11) DEFAULT NULL,
  `classe_id` int(11) DEFAULT NULL,
  `trilha_id` int(11) DEFAULT NULL,
  `patente` varchar(50) DEFAULT NULL,
  `pontos_prestigio` int(11) DEFAULT '0',
  `vida_max` int(11) DEFAULT '0',
  `pe_max` int(11) DEFAULT '0',
  `sanidade_max` int(11) DEFAULT '0',
  `forca` int(11) NOT NULL DEFAULT '1',
  `agilidade` int(11) NOT NULL DEFAULT '1',
  `intelecto` int(11) NOT NULL DEFAULT '1',
  `vigor` int(11) NOT NULL DEFAULT '1',
  `presenca` int(11) NOT NULL DEFAULT '1',
  `defesa` int(11) NOT NULL DEFAULT '11',
  `inventario_espacos` int(11) NOT NULL DEFAULT '7',
  `poderes_classe` text,
  `poderes_paranormais` text,
  `rituais` text,
  `habilidades_trilha` text,
  `data_criacao` timestamp NOT NULL DEFAULT CURRENT_TIMESTAMP,
  PRIMARY KEY (`id`),
  KEY `user_id` (`user_id`),
  KEY `fk_origem` (`origem_id`),
  KEY `fk_classe` (`classe_id`),
  KEY `fk_trilha` (`trilha_id`)
) ENGINE=InnoDB DEFAULT CHARSET=utf8mb4 AUTO_INCREMENT=1 ;

-- --------------------------------------------------------

--
-- Estrutura da tabela `personagens_op_poderes`
--

CREATE TABLE IF NOT EXISTS `personagens_op_poderes` (
  `id` int(11) NOT NULL AUTO_INCREMENT,
  `personagem_id` int(11) NOT NULL,
  `poder_id` int(11) NOT NULL,
  `tipo_poder` enum('classe','paranormal') NOT NULL,
  PRIMARY KEY (`id`),
  KEY `personagem_id` (`personagem_id`)
) ENGINE=InnoDB DEFAULT CHARSET=utf8mb4 AUTO_INCREMENT=1 ;

-- --------------------------------------------------------

--
-- Estrutura da tabela `personagens_t20`
--

CREATE TABLE IF NOT EXISTS `personagens_t20` (
  `id` int(11) NOT NULL AUTO_INCREMENT,
  `user_id` int(11) NOT NULL,
  `nome` varchar(100) NOT NULL,
  `jogador` varchar(100) DEFAULT NULL,
  `nivel` int(11) NOT NULL DEFAULT '1',
  `raca_id` int(11) DEFAULT NULL,
  `origem_id` int(11) DEFAULT NULL,
  `classe_id` int(11) DEFAULT NULL,
  `divindade_id` int(11) DEFAULT NULL,
  `imagem` varchar(255) DEFAULT 'default_t20.jpg',
  `pv_max` int(11) DEFAULT '0',
  `pv_atual` int(11) DEFAULT '0',
  `pm_max` int(11) DEFAULT '0',
  `pm_atual` int(11) DEFAULT '0',
  `tibares` int(11) NOT NULL DEFAULT '0',
  `carga_maxima` int(11) NOT NULL DEFAULT '0',
  `forca` int(11) NOT NULL DEFAULT '10',
  `destreza` int(11) NOT NULL DEFAULT '10',
  `constituicao` int(11) NOT NULL DEFAULT '10',
  `inteligencia` int(11) NOT NULL DEFAULT '10',
  `sabedoria` int(11) NOT NULL DEFAULT '10',
  `carisma` int(11) NOT NULL DEFAULT '10',
  `data_criacao` timestamp NOT NULL DEFAULT CURRENT_TIMESTAMP,
  `treino_acrobacia` tinyint(1) NOT NULL DEFAULT '0',
  `treino_adestramento` tinyint(1) NOT NULL DEFAULT '0',
  `treino_atletismo` tinyint(1) NOT NULL DEFAULT '0',
  `treino_atuacao` tinyint(1) NOT NULL DEFAULT '0',
  `treino_cavalgar` tinyint(1) NOT NULL DEFAULT '0',
  `treino_conhecimento` tinyint(1) NOT NULL DEFAULT '0',
  `treino_cura` tinyint(1) NOT NULL DEFAULT '0',
  `treino_diplomacia` tinyint(1) NOT NULL DEFAULT '0',
  `treino_enganacao` tinyint(1) NOT NULL DEFAULT '0',
  `treino_fortitude` tinyint(1) NOT NULL DEFAULT '0',
  `treino_furtividade` tinyint(1) NOT NULL DEFAULT '0',
  `treino_guerra` tinyint(1) NOT NULL DEFAULT '0',
  `treino_iniciativa` tinyint(1) NOT NULL DEFAULT '0',
  `treino_intimidacao` tinyint(1) NOT NULL DEFAULT '0',
  `treino_intuicao` tinyint(1) NOT NULL DEFAULT '0',
  `treino_investigacao` tinyint(1) NOT NULL DEFAULT '0',
  `treino_jogatina` tinyint(1) NOT NULL DEFAULT '0',
  `treino_ladinagem` tinyint(1) NOT NULL DEFAULT '0',
  `treino_luta` tinyint(1) NOT NULL DEFAULT '0',
  `treino_misticismo` tinyint(1) NOT NULL DEFAULT '0',
  `treino_nobreza` tinyint(1) NOT NULL DEFAULT '0',
  `treino_oficio` tinyint(1) NOT NULL DEFAULT '0',
  `treino_percepcao` tinyint(1) NOT NULL DEFAULT '0',
  `treino_pilotagem` tinyint(1) NOT NULL DEFAULT '0',
  `treino_pontaria` tinyint(1) NOT NULL DEFAULT '0',
  `treino_reflexos` tinyint(1) NOT NULL DEFAULT '0',
  `treino_religiao` tinyint(1) NOT NULL DEFAULT '0',
  `treino_sobrevivencia` tinyint(1) NOT NULL DEFAULT '0',
  `treino_vontade` tinyint(1) NOT NULL DEFAULT '0',
  `outros_acrobacia` int(11) NOT NULL DEFAULT '0',
  `outros_adestramento` int(11) NOT NULL DEFAULT '0',
  `outros_atletismo` int(11) NOT NULL DEFAULT '0',
  `outros_atuacao` int(11) NOT NULL DEFAULT '0',
  `outros_cavalgar` int(11) NOT NULL DEFAULT '0',
  `outros_conhecimento` int(11) NOT NULL DEFAULT '0',
  `outros_cura` int(11) NOT NULL DEFAULT '0',
  `outros_diplomacia` int(11) NOT NULL DEFAULT '0',
  `outros_enganacao` int(11) NOT NULL DEFAULT '0',
  `outros_fortitude` int(11) NOT NULL DEFAULT '0',
  `outros_furtividade` int(11) NOT NULL DEFAULT '0',
  `outros_guerra` int(11) NOT NULL DEFAULT '0',
  `outros_iniciativa` int(11) NOT NULL DEFAULT '0',
  `outros_intimidacao` int(11) NOT NULL DEFAULT '0',
  `outros_intuicao` int(11) NOT NULL DEFAULT '0',
  `outros_investigacao` int(11) NOT NULL DEFAULT '0',
  `outros_jogatina` int(11) NOT NULL DEFAULT '0',
  `outros_ladinagem` int(11) NOT NULL DEFAULT '0',
  `outros_luta` int(11) NOT NULL DEFAULT '0',
  `outros_misticismo` int(11) NOT NULL DEFAULT '0',
  `outros_nobreza` int(11) NOT NULL DEFAULT '0',
  `outros_oficio` int(11) NOT NULL DEFAULT '0',
  `outros_percepcao` int(11) NOT NULL DEFAULT '0',
  `outros_pilotagem` int(11) NOT NULL DEFAULT '0',
  `outros_pontaria` int(11) NOT NULL DEFAULT '0',
  `outros_reflexos` int(11) NOT NULL DEFAULT '0',
  `outros_religiao` int(11) NOT NULL DEFAULT '0',
  `outros_sobrevivencia` int(11) NOT NULL DEFAULT '0',
  `outros_vontade` int(11) NOT NULL DEFAULT '0',
  PRIMARY KEY (`id`),
  KEY `user_id_t20` (`user_id`)
) ENGINE=InnoDB  DEFAULT CHARSET=utf8mb4 AUTO_INCREMENT=4 ;

-- --------------------------------------------------------

--
-- Estrutura da tabela `poderes_classe`
--

CREATE TABLE IF NOT EXISTS `poderes_classe` (
  `id` int(11) NOT NULL AUTO_INCREMENT,
  `classe_id` int(11) DEFAULT NULL,
  `nex_requerido` int(11) NOT NULL,
  `nome` varchar(255) NOT NULL,
  `descricao` text NOT NULL,
  PRIMARY KEY (`id`),
  KEY `classe_id` (`classe_id`)
) ENGINE=InnoDB  DEFAULT CHARSET=utf8mb4 AUTO_INCREMENT=50 ;

--
-- Extraindo dados da tabela `poderes_classe`
--

INSERT INTO `poderes_classe` (`id`, `classe_id`, `nex_requerido`, `nome`, `descricao`) VALUES
(1, NULL, 15, 'Transcender', 'Você abre mão de um aumento de Sanidade para aprender um poder paranormal.'),
(2, NULL, 15, 'Treinamento em Perícia', 'Escolha duas perícias. Você se torna treinado nelas. Pode ser escolhido múltiplas vezes para se tornar Veterano (NEX 35%) e Expert (NEX 70%).'),
(3, 1, 15, 'Armamento Pesado', 'Você recebe proficiência com armas pesadas. (Pré-req: For 2)'),
(4, 1, 15, 'Artista Marcial', 'Seus ataques desarmados causam 1d6 de dano e contam como armas ágeis. O dano aumenta para 1d8 em NEX 35% e 1d10 em NEX 70%.'),
(5, 1, 15, 'Ataque de Oportunidade', 'Pode gastar 1 PE e uma reação para fazer um ataque corpo a corpo em um ser que sair de um espaço adjacente a você.'),
(6, 1, 15, 'Combater com Duas Armas', 'Se estiver usando duas armas (uma leve), pode fazer dois ataques na ação agredir, com -2 nos testes de ataque. (Pré-req: Agi 3)'),
(7, 1, 15, 'Combate Defensivo', 'Quando usa a ação agredir, pode sofrer -2 nos ataques para receber +5 na Defesa. (Pré-req: Int 2)'),
(8, 1, 15, 'Golpe Demolidor', 'Pode gastar 1 PE para causar +2d de dano do mesmo tipo da sua arma contra objetos. (Pré-req: For 2)'),
(9, 1, 15, 'Golpe Pesado', 'O dano de suas armas corpo a corpo aumenta em mais um dado do mesmo tipo.'),
(10, 1, 15, 'Incansável', 'Uma vez por cena, pode gastar 2 PE para fazer uma ação de investigação adicional usando Força ou Agilidade.'),
(11, 1, 15, 'Presteza Atlética', 'Pode gastar 1 PE para usar Força ou Agilidade em um teste para facilitar a investigação.'),
(12, 1, 30, 'Proteção Pesada', 'Você recebe proficiência com Proteções Pesadas. (Pré-req: NEX 30%)'),
(13, 1, 15, 'Reflexos Defensivos', 'Você recebe +2 em Defesa e em testes de resistência. (Pré-req: Agi 2)'),
(14, 1, 15, 'Saque Rápido', 'Você pode sacar ou guardar itens como uma ação livre.'),
(15, 1, 60, 'Segurar o Gatilho', 'Pode gastar PE para fazer ataques extras com armas de fogo. (Pré-req: NEX 60%)'),
(16, 1, 15, 'Sentido Tático', 'Pode gastar 2 PE para receber um bônus em Defesa e resistência igual ao seu Intelecto. (Pré-req: Int 2)'),
(17, 1, 30, 'Tanque de Guerra', 'Se estiver usando proteção pesada, a Defesa e RD dela aumentam em +2. (Pré-req: Proteção Pesada)'),
(18, 1, 15, 'Tiro Certeiro', 'Soma sua Agilidade no dano com armas de disparo e ignora penalidade por alvo em combate corpo a corpo.'),
(19, 1, 15, 'Tiro de Cobertura', 'Pode gastar 1 PE e uma ação padrão para forçar um alvo a se proteger, sofrendo -5 em testes de ataque.'),
(20, 2, 15, 'Perito', 'Escolha uma perícia. Você recebe +5 nela (não cumulativo com bônus de treinamento).'),
(21, 2, 40, 'Engenhosidade', 'Em NEX 40%, ao usar Eclético, pode gastar +2 PE para receber os benefícios de ser veterano na perícia.'),
(22, 3, 15, 'Fortalecimento Ritual', 'Seus rituais com duração de cena ou mais têm sua duração duplicada.'),
(23, 3, 30, 'Mente Sã', 'Você recebe +1 de Sanidade para cada 5% de NEX.'),
(24, 2, 15, 'Balística Avançada', 'Você recebe proficiência com armas táticas de fogo e +2 em rolagens de dano com armas de fogo.'),
(25, 2, 15, 'Conhecimento Aplicado', 'Quando faz um teste de perícia (exceto Luta e Pontaria), você pode gastar 2 PE para mudar o atributo-base da perícia para Intelecto. (Pré-req: Int 2)'),
(26, 2, 15, 'Hacker', 'Você recebe +5 em testes de Tecnologia para invadir sistemas e diminui o tempo necessário para hackear para uma ação completa. (Pré-req: treinado em Tecnologia)'),
(27, 2, 15, 'Mãos Rápidas', 'Ao fazer um teste de Crime, você pode pagar 1 PE para fazê-lo como uma ação livre. (Pré-req: Agi 3, treinado em Crime)'),
(28, 2, 15, 'Mochila de Utilidades', 'Um item a sua escolha (exceto armas) conta como uma categoria abaixo e ocupa 1 espaço a menos.'),
(29, 2, 15, 'Movimento Tático', 'Você pode gastar 1 PE para ignorar a penalidade em deslocamento por terreno difícil e por escalar até o final do turno. (Pré-req: treinado em Atletismo)'),
(30, 2, 15, 'Na Trilha Certa', 'Sempre que tiver sucesso em um teste para procurar pistas, você pode gastar 1 PE para receber +2 no próximo teste (cumulativo).'),
(31, 2, 15, 'Nerd', 'Uma vez por cena, pode gastar 2 PE para fazer um teste de Atualidades (DT 20) para receber uma informação útil para a cena.'),
(32, 2, 15, 'Ninja Urbano', 'Você recebe proficiência com armas táticas de ataque corpo a corpo e de disparo (exceto de fogo) e +2 em rolagens de dano com elas.'),
(33, 2, 15, 'Pensamento Ágil', 'Uma vez por rodada, durante uma cena de investigação, você pode gastar 2 PE para fazer uma ação de procurar pistas adicional.'),
(34, 2, 15, 'Perito em Explosivos', 'Você soma seu Intelecto na DT para resistir aos seus explosivos e pode excluir dos efeitos da explosão um número de alvos igual ao seu Intelecto.'),
(35, 2, 15, 'Primeira Impressão', 'Você recebe +10 no primeiro teste de Diplomacia, Enganação, Intimidação ou Intuição que fizer em uma cena.'),
(36, 3, 15, 'Camuflar Ocultismo', 'Você pode gastar +2 PE para lançar um ritual sem componentes ritualísticos e gesticulação. Outros seres só percebem o ritual com um teste de Ocultismo (DT 25).'),
(37, 3, 15, 'Criar Selo', 'Você sabe fabricar selos paranormais de rituais que conheça. Fabricar um selo gasta uma ação de interlúdio e PE iguais ao custo do ritual.'),
(38, 3, 15, 'Envolto em Mistério', 'Você recebe +5 em Enganação e Intimidação contra pessoas não treinadas em Ocultismo.'),
(39, 3, 15, 'Especialista em Elemento', 'Escolha um elemento. A DT para resistir aos seus rituais desse elemento aumenta em +2.'),
(40, 3, 15, 'Ferramentas Paranormais', 'Você reduz a categoria de um item paranormal em I e pode ativá-los sem pagar seu custo em PE.'),
(41, 3, 60, 'Fluxo de Poder', 'Você pode manter dois rituais sustentados ativos ao mesmo tempo com uma única ação livre. (Pré-req: NEX 60%)'),
(42, 3, 15, 'Guiado pelo Paranormal', 'Uma vez por cena, você pode gastar 2 PE para fazer uma ação de investigação adicional.'),
(43, 3, 15, 'Identificação Paranormal', 'Você recebe +10 em testes de Ocultismo para identificar criaturas, objetos ou rituais.'),
(44, 3, 15, 'Improvisar Componentes', 'Uma vez por cena, pode gastar uma ação completa e um teste de Investigação (DT 15) para encontrar componentes de um elemento à sua escolha.'),
(45, 3, 15, 'Intuição Paranormal', 'Sempre que usa a ação facilitar investigação, você soma seu Intelecto ou Presença no teste (à sua escolha).'),
(46, 3, 45, 'Mestre em Elemento', 'Escolha um elemento em que já seja Especialista. O custo para lançar rituais desse elemento diminui em –1 PE. (Pré-req: NEX 45%)'),
(47, 3, 15, 'Ritual Potente', 'Você soma seu Intelecto nas rolagens de dano ou nos efeitos de cura de seus rituais. (Pré-req: Int 2)'),
(48, 3, 15, 'Ritual Predileto', 'Escolha um ritual que você conhece. Você reduz em –1 PE o custo do ritual.'),
(49, 3, 15, 'Tatuagem Ritualística', 'Símbolos em sua pele reduzem em –1 PE o custo de rituais de alcance pessoal que têm você como alvo.');

-- --------------------------------------------------------

--
-- Estrutura da tabela `poderes_paranormais`
--

CREATE TABLE IF NOT EXISTS `poderes_paranormais` (
  `id` int(11) NOT NULL AUTO_INCREMENT,
  `nome` varchar(255) NOT NULL,
  `descricao` text NOT NULL,
  `elemento` varchar(50) NOT NULL,
  PRIMARY KEY (`id`)
) ENGINE=InnoDB  DEFAULT CHARSET=utf8mb4 AUTO_INCREMENT=23 ;

--
-- Extraindo dados da tabela `poderes_paranormais`
--

INSERT INTO `poderes_paranormais` (`id`, `nome`, `descricao`, `elemento`) VALUES
(1, 'Anatomia Insana', 'Seu corpo é transfigurado. Você tem 50% de chance de ignorar o dano adicional de um acerto crítico ou ataque furtivo. Pré-requisito: Sangue 2.', 'Sangue'),
(2, 'Arma de Sangue', 'Você pode gastar uma ação de movimento e 2 PE para produzir garras, chifres ou uma lâmina de sangue que brota de seu corpo (arma simples, 1d6 de dano).', 'Sangue'),
(3, 'Sangue de Ferro', 'Seu sangue flui de forma paranormal e agressiva. Você recebe +2 pontos de vida por NEX.', 'Sangue'),
(4, 'Sangue Fervente', 'Enquanto estiver machucado, você recebe +1 em Agilidade ou Força (à sua escolha). Pré-requisito: Sangue 2.', 'Sangue'),
(5, 'Sangue Vivo', 'Na primeira vez que ficar machucado durante uma cena, você recebe cura acelerada 2. O efeito dura até o final da cena. Pré-requisito: Sangue 1.', 'Sangue'),
(6, 'Afortunado', 'Uma vez por rolagem, você pode rolar novamente um resultado 1 em qualquer dado que não seja d20.', 'Energia'),
(7, 'Campo Protetor', 'Você consegue gerar um campo de Energia que o protege de perigos. Quando usa a ação esquiva, pode gastar 1 PE para receber +5 em Defesa. Pré-requisito: Energia 1.', 'Energia'),
(8, 'Causalidade Fortuita', 'A Energia o conduz rumo a descobertas. Em cenas de investigação, a DT para procurar pistas diminui em –5 para você.', 'Energia'),
(9, 'Golpe de Sorte', 'Seus ataques recebem +1 na margem de ameaça. Pré-requisito: Energia 1.', 'Energia'),
(10, 'Manipular Entropia', 'Você pode gastar 2 PE para fazer um alvo em alcance curto rolar novamente um dos dados em um teste de perícia. Pré-requisito: Energia 1.', 'Energia'),
(11, 'Encarar a Morte', 'Sua conexão com a Morte faz com que você não hesite em situações de perigo. Durante cenas de ação, seu limite de gasto de PE aumenta em +1.', 'Morte'),
(12, 'Escapar da Morte', 'Uma vez por cena, quando um dano o deixaria com 0 PV, você fica com 1 PV. Não funciona em caso de dano massivo. Pré-requisito: Morte 1.', 'Morte'),
(13, 'Potencial Aprimorado', 'Você recebe +1 ponto de esforço por NEX.', 'Morte'),
(14, 'Potencial Reaproveitado', 'Uma vez por rodada, quando passa num teste de resistência, você ganha 2 PE temporários cumulativos.', 'Morte'),
(15, 'Surto Temporal', 'Uma vez por cena, você pode gastar 3 PE para realizar uma ação padrão adicional. Pré-requisito: Morte 2.', 'Morte'),
(16, 'Expansão de Conhecimento', 'Você se conecta com o Conhecimento, rompendo os limites de sua compreensão. Você aprende um poder de classe que não pertença à sua classe. Pré-requisito: Conhecimento 1.', 'Conhecimento'),
(17, 'Percepção Paranormal', 'Em cenas de investigação, sempre que fizer um teste para procurar pistas, você pode rolar novamente um dado com resultado menor que 10.', 'Conhecimento'),
(18, 'Precognição', 'Você possui um "sexto sentido". Você recebe +2 em Defesa e em testes de resistência.', 'Conhecimento'),
(19, 'Sensitivo', 'Você consegue sentir as emoções e intenções de outros personagens, recebendo +5 em testes de Diplomacia, Intimidação e Intuição.', 'Conhecimento'),
(20, 'Visão do Oculto', 'Você não enxerga mais pelos olhos, mas pela percepção do Conhecimento. Você recebe +5 em testes de Percepção e enxerga no escuro.', 'Conhecimento'),
(21, 'Aprender Ritual', 'Você aprende e pode conjurar um ritual de 1º círculo à sua escolha. A partir de NEX 45%, você aprende um ritual de até 2º círculo.', 'Nenhum'),
(22, 'Resistir a Elemento', 'Escolha entre Conhecimento, Energia, Morte ou Sangue. Você recebe resistência 10 contra esse elemento.', 'Nenhum');

-- --------------------------------------------------------

--
-- Estrutura da tabela `poderes_trilha`
--

CREATE TABLE IF NOT EXISTS `poderes_trilha` (
  `id` int(11) NOT NULL AUTO_INCREMENT,
  `trilha_id` int(11) NOT NULL,
  `nex_requerido` int(11) NOT NULL,
  `nome` varchar(255) NOT NULL,
  `descricao` text NOT NULL,
  PRIMARY KEY (`id`),
  KEY `trilha_id` (`trilha_id`)
) ENGINE=InnoDB  DEFAULT CHARSET=utf8mb4 AUTO_INCREMENT=61 ;

--
-- Extraindo dados da tabela `poderes_trilha`
--

INSERT INTO `poderes_trilha` (`id`, `trilha_id`, `nex_requerido`, `nome`, `descricao`) VALUES
(1, 1, 10, 'A Favorita', 'Escolha uma arma para ser sua favorita, como katana ou fuzil de assalto. A categoria da arma escolhida é reduzida em I.'),
(2, 1, 40, 'Técnica Secreta', 'Sua arma favorita reduz a categoria em mais I. Além disso, você pode gastar 2 PE para adicionar o efeito "amplo" ou "destruidor" a um ataque com ela.'),
(3, 1, 65, 'Técnica Sublime', 'Sua arma favorita recebe +2 modificações. Você também aprende a modificação "letal".'),
(4, 1, 99, 'Máquina de Matar', 'A categoria da sua arma favorita é reduzida em mais I (totalizando III). Além disso, sua margem de ameaça com ela diminui em 2 e seu dano aumenta em mais um dado do mesmo tipo.'),
(5, 2, 10, 'Inspirar Confiança', 'Você pode gastar uma ação padrão e 2 PE para fazer um aliado em alcance curto rolar novamente um teste recém realizado.'),
(6, 2, 40, 'Estrategista', 'Você pode direcionar aliados em alcance curto. Gaste uma ação padrão e 1 PE por aliado que quiser direcionar (limitado pelo seu Intelecto). No próximo turno dos aliados afetados, eles ganham uma ação de movimento adicional.'),
(7, 2, 65, 'Brecha na Guarda', 'Uma vez por rodada, quando um aliado causar dano em um inimigo que esteja em seu alcance curto, você pode gastar uma reação e 2 PE para que você ou outro aliado em alcance curto faça um ataque adicional contra o mesmo inimigo.'),
(8, 2, 99, 'Oficial Comandante', 'Você pode gastar uma ação padrão e 5 PE para que cada aliado que você possa ver em alcance médio receba uma ação padrão adicional no próximo turno dele.'),
(9, 3, 10, 'Técnica Letal', 'Você recebe um aumento de +2 na margem de ameaça com todos os seus ataques corpo a corpo.'),
(10, 3, 40, 'Revidar', 'Sempre que bloquear um ataque, você pode gastar uma reação e 2 PE para fazer um ataque corpo a corpo no inimigo que o atacou.'),
(11, 3, 65, 'Força Opressora', 'Quando acerta um ataque corpo a corpo, você pode gastar 1 PE para realizar a manobra derrubar ou empurrar contra o alvo do ataque como ação livre.'),
(12, 3, 99, 'Potência Máxima', 'Quando usa seu Ataque Especial com armas corpo a corpo, todos os bônus numéricos são dobrados.'),
(13, 4, 10, 'Iniciativa Aprimorada', 'Você recebe +5 em Iniciativa e uma ação de movimento adicional na primeira rodada.'),
(14, 4, 40, 'Ataque Extra', 'Uma vez por rodada, quando faz um ataque, você pode gastar 2 PE para fazer um ataque adicional.'),
(15, 4, 65, 'Surto de Adrenalina', 'Uma vez por rodada, você pode gastar 5 PE para realizar uma ação padrão ou de movimento adicional.'),
(16, 4, 99, 'Sempre Alerta', 'Você recebe uma ação padrão adicional no início de cada cena de combate.'),
(17, 5, 10, 'Casca Grossa', 'Você recebe +1 PV para cada 5% de NEX e, quando faz um bloqueio, soma seu Vigor na resistência a dano recebida.'),
(18, 5, 40, 'Cai Dentro', 'Sempre que um oponente em alcance curto atacar um de seus aliados, você pode gastar uma reação e 1 PE para fazer com que esse oponente faça um teste de Vontade (DT Vig). Se falhar, o oponente deve atacar você em vez de seu aliado.'),
(19, 5, 65, 'Duro de Matar', 'Ao sofrer dano não paranormal, você pode gastar uma reação e 2 PE para reduzir esse dano à metade. Em NEX 85%, pode usar esta habilidade para reduzir dano paranormal.'),
(20, 5, 99, 'Inquebrável', 'Enquanto estiver machucado, você recebe +5 na Defesa e resistência a dano 5. Enquanto estiver morrendo, em vez de normal, você não fica indefeso e ainda pode realizar ações.'),
(21, 6, 10, 'Mira de Elite', 'Você recebe proficiência com armas de fogo de elite e soma seu Intelecto em rolagens de dano com essas armas.'),
(22, 6, 40, 'Disparo Letal', 'Quando faz a ação mirar, você pode gastar 1 PE para aumentar em +2 a margem de ameaça do próximo ataque que fizer até o final de seu próximo turno.'),
(23, 6, 65, 'Disparo Impactante', 'Se estiver usando uma arma de fogo com calibre grosso, você pode gastar 2 PE para fazer as manobras derrubar, desarmar, empurrar ou quebrar usando um ataque à distância.'),
(24, 6, 99, 'Atirar para Matar', 'Quando faz um acerto crítico com uma arma de fogo, você causa dano máximo, sem precisar rolar dados.'),
(25, 7, 10, 'Ataque Furtivo', 'Você sabe atingir os pontos vitais de um inimigo distraído. Uma vez por rodada, quando atinge um alvo desprevenido ou que você esteja flanqueando, pode gastar 1 PE para causar +1d6 pontos de dano. O dano adicional aumenta em +1d6 em NEX 40%, 65% e 99%.'),
(26, 7, 40, 'Gatuno', 'Você recebe +5 em Atletismo e Crime e pode percorrer seu deslocamento normal quando se esconder sem penalidade.'),
(27, 7, 65, 'Assassinar', 'Você pode gastar uma ação de movimento e 3 PE para analisar um alvo em alcance curto. Até o fim do seu próximo turno, seu primeiro Ataque Furtivo que causar dano a ele tem seus dados de dano extras dessa habilidade dobrados.'),
(28, 7, 99, 'Sombra Fugaz', 'Quando faz um teste de Furtividade após atacar ou fazer outra ação chamativa, você pode gastar 3 PE para não sofrer a penalidade de -10 no teste.'),
(29, 8, 10, 'Paramédico', 'Você pode usar uma ação padrão e 2 PE para curar 2d10 pontos de vida de si mesmo ou de um aliado adjacente. Pode gastar +1 PE para aumentar a cura em +1d10 em NEX 40% e 65%.'),
(30, 8, 40, 'Equipe de Trauma', 'Você pode usar uma ação padrão e 2 PE para remover uma condição negativa (exceto morrendo) de um aliado adjacente.'),
(31, 8, 65, 'Resgate', 'Uma vez por rodada, em alcance curto de um aliado machucado ou morrendo, você pode gastar uma ação livre para se aproximar dele e curá-lo. Sempre que curar PV ou remover condições, você e o aliado recebem +5 na Defesa até o início do seu próximo turno.'),
(32, 8, 99, 'Reanimação', 'Uma vez por cena, você pode gastar uma ação completa e 10 PE para trazer de volta à vida um personagem que tenha morrido na mesma cena (exceto morte por dano massivo).'),
(33, 9, 10, 'Eloquência', 'Você pode usar uma ação completa e 1 PE por alvo em alcance curto para afetar outros personagens com sua fala. Faça um teste de Diplomacia. Um alvo que falhar no teste de Vontade fica fascinado enquanto você se concentrar.'),
(34, 9, 40, 'Discurso Motivador', 'Você pode gastar uma ação padrão e 4 PE para inspirar seus aliados com suas palavras. Você e todos os seus aliados em alcance curto ganham +2 em testes de perícia até o fim da cena.'),
(35, 9, 65, 'Conheço um Cara', 'Uma vez por missão, você pode ativar sua rede de contatos para pedir um favor, como trocar todo o equipamento do seu grupo ou conseguir uma segunda chance de preparação de missão.'),
(36, 9, 99, 'Truque de Mestre', 'Você pode gastar 5 PE para simular o efeito de qualquer habilidade de Vontade que tenha visto um de seus aliados usar durante a cena.'),
(37, 10, 10, 'Inventário Otimizado', 'Você soma seu Intelecto à sua Força para calcular sua capacidade de carga. Por exemplo, se você tem Força 1 e Intelecto 3, seu inventário tem 20 espaços.'),
(38, 10, 40, 'Remendo', 'Você pode gastar uma ação completa e 1 PE para remover a condição quebrado de um equipamento adjacente até o final da cena.'),
(39, 10, 65, 'Improvisar', 'Você pode improvisar equipamentos com material ao seu redor. Escolha um equipamento geral e gaste uma ação completa e 2 PE; ele é de categoria 0. Você cria uma versão funcional do equipamento.'),
(40, 10, 99, 'Preparado para Tudo', 'Sempre que precisar de um item qualquer (exceto armas), pode gastar uma ação de movimento e 3 PE por categoria do item para lembrar que colocou ele no fundo da bolsa!'),
(41, 11, 10, 'Ampliar Ritual', 'Quando lança um ritual, você pode gastar +2 PE para aumentar seu alcance em um passo (de curto para médio, de médio para longo ou de longo para extremo) ou dobrar sua área de efeito.'),
(42, 11, 40, 'Acelerar Ritual', 'Uma vez por rodada, você pode aumentar o custo de um ritual em 4 PE para conjurá-lo como uma ação livre.'),
(43, 11, 65, 'Anular Ritual', 'Quando for alvo de um ritual, você pode gastar uma quantidade de PE igual ao custo pago por esse ritual e fazer um teste oposto de Ocultismo contra o conjurador. Se vencer, você anula o ritual.'),
(44, 11, 99, 'Canalizar o Medo', 'Você aprende o ritual Canalizar o Medo.'),
(45, 12, 10, 'Poder do Flagelo', 'Ao conjurar um ritual, você pode gastar seus próprios pontos de vida para pagar o custo em pontos de esforço, à taxa de 2 PV por PE pago. Pontos de vida gastos dessa forma só podem ser recuperados com descanso.'),
(46, 12, 40, 'Abraçar a Dor', 'Sempre que sofrer dano não paranormal, você pode gastar uma reação e 2 PE para reduzir esse dano à metade.'),
(47, 12, 65, 'Absorver a Agonia', 'Sempre que você reduz um ou mais inimigos a 0 PV com um ritual, você recebe uma quantidade de PE temporários igual ao círculo do ritual utilizado.'),
(48, 12, 99, 'Medo Tangível', 'Você aprende o ritual Medo Tangível.'),
(49, 13, 10, 'Saber Ampliado', 'Você aprende um ritual de 1º círculo. Toda vez que ganha acesso a um novo círculo, aprende um ritual adicional daquele círculo. Esses rituais não contam em seu limite de rituais.'),
(50, 13, 40, 'Grimório Ritualístico', 'Você cria um grimório especial, que armazena uma quantidade de rituais de 1º ou 2º círculos igual ao seu Intelecto. O grimório ocupa 1 espaço.'),
(51, 13, 65, 'Rituais Eficientes', 'A DT para resistir a todos os seus rituais aumenta em +5.'),
(52, 13, 99, 'Conhecendo o Medo', 'Você aprende o ritual Conhecendo o Medo.'),
(53, 14, 10, 'Mente Sã', 'Você compreende melhor as entidades do Outro Lado. Você recebe resistência paranormal +5.'),
(54, 14, 40, 'Presença Poderosa', 'Você adiciona sua Presença ao seu limite de PE por turno, mas apenas para conjurar rituais.'),
(55, 14, 65, 'Inabalável', 'Você recebe resistência a dano mental e paranormal 10. Se passar em um teste de Vontade para reduzir dano paranormal, não sofre dano algum.'),
(56, 14, 99, 'Presença do Medo', 'Você aprende o ritual Presença do Medo.'),
(57, 15, 10, 'Lâmina Maldita', 'Você aprende o ritual Amaldiçoar Arma. Seu custo é reduzido em -1 PE. Além disso, pode usar Ocultismo para testes de ataque com a arma amaldiçoada.'),
(58, 15, 40, 'Gladiador Paranormal', 'Sempre que acerta um ataque corpo a corpo, você recebe 2 PE temporários (máximo igual ao seu limite de PE por turno).'),
(59, 15, 65, 'Conjuração Marcial', 'Uma vez por rodada, ao lançar um ritual com execução de uma ação padrão, pode gastar 2 PE para fazer um ataque corpo a corpo como ação livre.'),
(60, 15, 99, 'Lâmina do Medo', 'Você aprende o ritual Lâmina do Medo.');

-- --------------------------------------------------------

--
-- Estrutura da tabela `t20_classes`
--

CREATE TABLE IF NOT EXISTS `t20_classes` (
  `id` int(11) NOT NULL AUTO_INCREMENT,
  `nome` varchar(100) NOT NULL,
  `pv_inicial` int(11) NOT NULL,
  `pv_por_nivel` int(11) NOT NULL,
  `pm_por_nivel` int(11) NOT NULL,
  `pericias_treinadas_fixas` text,
  `pericias_escolha_lista` text,
  `pericias_escolha_qtd` int(11) DEFAULT '0',
  PRIMARY KEY (`id`),
  UNIQUE KEY `nome` (`nome`)
) ENGINE=InnoDB  DEFAULT CHARSET=utf8mb4 AUTO_INCREMENT=4 ;

--
-- Extraindo dados da tabela `t20_classes`
--

INSERT INTO `t20_classes` (`id`, `nome`, `pv_inicial`, `pv_por_nivel`, `pm_por_nivel`, `pericias_treinadas_fixas`, `pericias_escolha_lista`, `pericias_escolha_qtd`) VALUES
(1, 'Caçador', 16, 4, 4, 'Luta ou Pontaria, Sobrevivência', 'Adestramento, Atletismo, Cavalgar, Cura, Fortitude, Furtividade, Iniciativa, Investigação, Luta, Ofício, Percepção, Pontaria, Reflexos', 6),
(2, 'Guerreiro', 20, 5, 3, 'Luta ou Pontaria, Fortitude', 'Adestramento, Atletismo, Cavalgar, Guerra, Iniciativa, Intimidação, Luta, Ofício, Percepção, Pontaria, Reflexos', 2),
(3, 'Nobre', 16, 4, 4, 'Diplomacia ou Intimidação, Vontade', 'Adestramento, Atuação, Cavalgar, Conhecimento, Diplomacia, Enganação, Fortitude, Guerra, Iniciativa, Intimidação, Intuição, Investigação, Jogatina, Luta, Nobreza, Ofício, Percepção, Pontaria', 4);

-- --------------------------------------------------------

--
-- Estrutura da tabela `t20_divindades`
--

CREATE TABLE IF NOT EXISTS `t20_divindades` (
  `id` int(11) NOT NULL AUTO_INCREMENT,
  `nome` varchar(100) NOT NULL,
  `energia` varchar(50) DEFAULT NULL,
  PRIMARY KEY (`id`),
  UNIQUE KEY `nome` (`nome`)
) ENGINE=InnoDB  DEFAULT CHARSET=utf8mb4 AUTO_INCREMENT=21 ;

--
-- Extraindo dados da tabela `t20_divindades`
--

INSERT INTO `t20_divindades` (`id`, `nome`, `energia`) VALUES
(1, 'Aharadak', 'Negativa'),
(2, 'Allihanna', 'Positiva'),
(3, 'Arsenal', 'Qualquer'),
(4, 'Azgher', 'Positiva'),
(5, 'Hyninn', 'Qualquer'),
(6, 'Kallyadranoch', 'Negativa'),
(7, 'Khalmyr', 'Positiva'),
(8, 'Lena', 'Positiva'),
(9, 'Lin-Wu', 'Qualquer'),
(10, 'Marah', 'Positiva'),
(11, 'Megalokk', 'Negativa'),
(12, 'Nimb', 'Qualquer'),
(13, 'Oceano', 'Qualquer'),
(14, 'Sszzaas', 'Negativa'),
(15, 'Tanna-Toh', 'Qualquer'),
(16, 'Tenebra', 'Negativa'),
(17, 'Thwor', 'Qualquer'),
(18, 'Thyatis', 'Positiva'),
(19, 'Valkaria', 'Positiva'),
(20, 'Wynna', 'Qualquer');

-- --------------------------------------------------------

--
-- Estrutura da tabela `t20_divindade_poderes`
--

CREATE TABLE IF NOT EXISTS `t20_divindade_poderes` (
  `divindade_id` int(11) NOT NULL,
  `poder_divino_id` int(11) NOT NULL,
  PRIMARY KEY (`divindade_id`,`poder_divino_id`),
  KEY `fk_poder_divino` (`poder_divino_id`)
) ENGINE=InnoDB DEFAULT CHARSET=utf8mb4;

--
-- Extraindo dados da tabela `t20_divindade_poderes`
--

INSERT INTO `t20_divindade_poderes` (`divindade_id`, `poder_divino_id`) VALUES
(1, 1),
(17, 2),
(19, 2),
(13, 3),
(5, 4),
(19, 5),
(13, 6),
(14, 7),
(8, 8),
(18, 8),
(6, 9),
(10, 10),
(8, 11),
(20, 12),
(16, 13),
(20, 14),
(2, 15),
(15, 16),
(3, 17),
(3, 18),
(7, 18),
(9, 18),
(19, 18),
(8, 19),
(8, 20),
(2, 21),
(2, 22),
(10, 23),
(18, 24),
(18, 25),
(18, 26),
(7, 27),
(6, 28),
(20, 29),
(7, 30),
(4, 31),
(1, 32),
(12, 32),
(14, 33),
(5, 34),
(3, 35),
(5, 36),
(4, 37),
(17, 38),
(5, 39),
(4, 40),
(4, 41),
(9, 42),
(19, 43),
(16, 44),
(15, 45),
(9, 46),
(13, 47),
(11, 48),
(17, 48),
(10, 49),
(1, 50),
(15, 51),
(12, 52),
(6, 53),
(11, 53),
(14, 54),
(1, 55),
(7, 56),
(3, 57),
(14, 58),
(6, 59),
(13, 60),
(12, 61),
(10, 62),
(20, 63),
(9, 64),
(12, 65),
(17, 66),
(11, 67),
(16, 68),
(15, 69),
(2, 70),
(11, 71),
(16, 72);

-- --------------------------------------------------------

--
-- Estrutura da tabela `t20_habilidades_classe_auto`
--

CREATE TABLE IF NOT EXISTS `t20_habilidades_classe_auto` (
  `id` int(11) NOT NULL AUTO_INCREMENT,
  `classe_id` int(11) NOT NULL,
  `nivel_obtido` int(11) NOT NULL,
  `nome` varchar(191) NOT NULL,
  `descricao` text NOT NULL,
  PRIMARY KEY (`id`),
  KEY `idx_classe_nivel` (`classe_id`,`nivel_obtido`)
) ENGINE=InnoDB  DEFAULT CHARSET=utf8mb4 AUTO_INCREMENT=30 ;

--
-- Extraindo dados da tabela `t20_habilidades_classe_auto`
--

INSERT INTO `t20_habilidades_classe_auto` (`id`, `classe_id`, `nivel_obtido`, `nome`, `descricao`) VALUES
(1, 1, 1, 'Marca da Presa', 'Você pode gastar uma ação de movimento e 1 PM para marcar uma criatura em alcance curto. Você recebe +1d4 em testes de ataque e rolagens de dano contra essa criatura. O bônus aumenta com o nível.'),
(2, 1, 1, 'Rastreador', 'Você recebe +2 em Sobrevivência e pode usar esta perícia para rastrear mesmo em movimento normal (sem penalidade).'),
(3, 1, 3, 'Explorador', 'Você aprende um tipo de terreno (como floresta, montanha, etc.). Você recebe +2 em Percepção, Sobrevivência e Furtividade nesse terreno. Você aprende um novo tipo de terreno nos níveis 7, 11, 15 e 19.'),
(4, 1, 5, 'Caminho do Explorador', 'O bônus de Explorador (+2) aumenta para +4 nos terrenos escolhidos.'),
(5, 1, 5, 'Marca da Presa (+1d8)', 'O bônus de sua Marca da Presa aumenta para +1d8.'),
(6, 1, 9, 'Marca da Presa (+1d12)', 'O bônus de sua Marca da Presa aumenta para +1d12.'),
(7, 1, 13, 'Marca da Presa (+2d8)', 'O bônus de sua Marca da Presa aumenta para +2d8.'),
(8, 1, 17, 'Marca da Presa (+2d10)', 'O bônus de sua Marca da Presa aumenta para +2d10.'),
(9, 1, 20, 'Mestre Caçador', 'Quando você marca uma criatura, pode gastar 2 PM para aplicar o efeito de Marca da Presa em todos os inimigos em alcance curto.'),
(10, 2, 1, 'Ataque Especial (+4)', 'Você pode gastar uma ação padrão e 2 PM para fazer um ataque corpo a corpo ou à distância. Você soma +4 no teste de ataque ou na rolagem de dano. O bônus aumenta com o nível.'),
(11, 2, 3, 'Durão', 'Quando sofre dano, você pode gastar 3 PM para reduzir esse dano à metade.'),
(12, 2, 5, 'Ataque Especial (+8)', 'O bônus de seu Ataque Especial aumenta para +8.'),
(13, 2, 6, 'Ataque Extra', 'Quando usa a ação agredir, você pode gastar 2 PM para realizar um ataque adicional (limitado a um ataque extra por rodada).'),
(14, 2, 9, 'Ataque Especial (+12)', 'O bônus de seu Ataque Especial aumenta para +12.'),
(15, 2, 13, 'Ataque Especial (+16)', 'O bônus de seu Ataque Especial aumenta para +16.'),
(16, 2, 17, 'Ataque Especial (+20)', 'O bônus de seu Ataque Especial aumenta para +20.'),
(17, 2, 20, 'Campeão', 'No 20º nível, você se torna um mestre do combate. Seu multiplicador de crítico com armas marciais aumenta em +1 (x2 torna-se x3, etc.).'),
(18, 3, 1, 'Autoconfiança', 'Quando faz um teste de resistência, você pode gastar 2 PM para somar seu modificador de Carisma ao resultado do teste.'),
(19, 3, 1, 'Espólio', 'Você recebe +2 PM para cada poder de Nobre que possui (além do poder inicial, Riqueza). Além disso, recebe +1 PM por nível par (2, 4, 6, etc.).'),
(20, 3, 1, 'Orgulho', 'Você é imune a efeitos de medo (mágicos ou não) e recebe +5 em Vontade contra efeitos que afetem seu Carisma (como magias de Encantamento).'),
(21, 3, 2, 'Palavras Afiadas (2d6)', 'Você pode gastar uma ação padrão e 2 PM para hostilizar uma criatura em alcance curto. Faça um teste de Diplomacia, Enganação ou Intimidação oposto ao de Vontade da criatura. Se vencer, ela sofre 2d6 pontos de dano mental.'),
(22, 3, 3, 'Riqueza', 'Você recebe 10 T$ x seu nível de Nobre no início de cada aventura (acumulativo).'),
(23, 3, 4, 'Gritar Ordens', 'Você pode gastar 1 PM e uma ação de movimento para fazer um teste de Diplomacia, Enganação ou Intimidação (CD 15). Se passar, seus aliados em alcance médio recebem +1 em testes de ataque por 1 rodada.'),
(24, 3, 5, 'Presença Aristocrática', 'Quando usa a ação de movimento para comandar (habilidade Gritar Ordens), você pode gastar 1 PM adicional para aumentar o bônus em +1 (total +2).'),
(25, 3, 6, 'Palavras Afiadas (4d6)', 'O dano de Palavras Afiadas aumenta para 4d6.'),
(26, 3, 10, 'Palavras Afiadas (6d6)', 'O dano de Palavras Afiadas aumenta para 6d6.'),
(27, 3, 14, 'Palavras Afiadas (8d6)', 'O dano de Palavras Afiadas aumenta para 8d6.'),
(28, 3, 18, 'Palavras Afiadas (10d6)', 'O dano de Palavras Afiadas aumenta para 10d6.'),
(29, 3, 20, 'Realeza', 'Sua Presença Aristocrática aumenta seu bônus de comando para +2 (total +3) e seu custo para 3 PM. Além disso, você pode gastar 5 PM para que todos os aliados afetados por seu comando recebam uma ação de movimento ou padrão adicional (à escolha deles).');

-- --------------------------------------------------------

--
-- Estrutura da tabela `t20_itens`
--

CREATE TABLE IF NOT EXISTS `t20_itens` (
  `id` int(11) NOT NULL AUTO_INCREMENT,
  `nome` varchar(191) NOT NULL,
  `tipo` varchar(50) NOT NULL,
  `preco` varchar(50) DEFAULT NULL,
  `espacos` int(11) NOT NULL DEFAULT '1',
  `bonus_carga` int(11) NOT NULL DEFAULT '0',
  `dano` varchar(50) DEFAULT NULL,
  `critico` varchar(50) DEFAULT NULL,
  `alcance` varchar(50) DEFAULT NULL,
  `tipo_dano` varchar(50) DEFAULT NULL,
  `bonus_defesa` int(11) DEFAULT NULL,
  `penalidade_armadura` int(11) DEFAULT NULL,
  `descricao` text,
  PRIMARY KEY (`id`),
  UNIQUE KEY `nome_item_unique` (`nome`)
) ENGINE=InnoDB  DEFAULT CHARSET=utf8mb4 AUTO_INCREMENT=16 ;

--
-- Extraindo dados da tabela `t20_itens`
--

INSERT INTO `t20_itens` (`id`, `nome`, `tipo`, `preco`, `espacos`, `bonus_carga`, `dano`, `critico`, `alcance`, `tipo_dano`, `bonus_defesa`, `penalidade_armadura`, `descricao`) VALUES
(1, 'Espada Curta', 'Arma', 'T$ 10', 1, 0, '1d6', '19', NULL, 'Perfuração/Corte', NULL, NULL, 'Uma arma leve e ágil.'),
(2, 'Espada Longa', 'Arma', 'T$ 15', 2, 0, '1d8', '19', NULL, 'Corte', NULL, NULL, 'Uma arma marcial versátil.'),
(3, 'Machado de Batalha', 'Arma', 'T$ 20', 2, 0, '1d10', 'x3', NULL, 'Corte', NULL, NULL, 'Uma arma marcial de duas mãos.'),
(4, 'Arco Curto', 'Arma', 'T$ 25', 2, 0, '1d6', 'x3', 'Médio', 'Perfuração', NULL, NULL, 'Um arco simples para disparos rápidos.'),
(5, 'Besta Leve', 'Arma', 'T$ 35', 2, 0, '1d8', '19', 'Médio', 'Perfuração', NULL, NULL, 'Uma arma de disparo que não exige Força.'),
(6, 'Armadura de Couro', 'Armadura', 'T$ 20', 2, 0, NULL, NULL, NULL, NULL, 2, -1, 'Armadura leve feita de couro fervido.'),
(7, 'Brunea', 'Armadura', 'T$ 50', 3, 0, NULL, NULL, NULL, NULL, 3, -2, 'Armadura leve de couro com anéis de metal.'),
(8, 'Cota de Malha', 'Armadura', 'T$ 150', 4, 0, NULL, NULL, NULL, NULL, 5, -3, 'Armadura pesada feita de anéis de metal entrelaçados.'),
(9, 'Escudo Leve', 'Escudo', 'T$ 5', 1, 0, '1d4', 'x2', NULL, 'Impacto', 1, -1, 'Um escudo leve de madeira.'),
(10, 'Escudo Pesado', 'Escudo', 'T$ 15', 2, 0, '1d6', 'x2', NULL, 'Impacto', 2, -2, 'Um escudo pesado de madeira e metal.'),
(11, 'Mochila', 'Item Geral', 'T$ 2', 0, 5, NULL, NULL, NULL, NULL, NULL, NULL, 'Aumenta seu limite de carga (espaços) em +5. (Bônus não cumulativo)'),
(12, 'Corda', 'Item Geral', 'T$ 1', 1, 0, NULL, NULL, NULL, NULL, NULL, NULL, '15m de corda de cânhamo.'),
(13, 'Poção de Vida', 'Item Geral', 'T$ 50', 1, 0, NULL, NULL, NULL, NULL, NULL, NULL, 'Beber esta poção cura 2d4+2 PV.'),
(14, 'Kit de Ladrão', 'Item Geral', 'T$ 50', 1, 0, NULL, NULL, NULL, NULL, NULL, NULL, 'Concede +2 em testes de Ladinagem.'),
(15, 'Saco de Dormir', 'Item Geral', 'T$ 1', 1, 0, NULL, NULL, NULL, NULL, NULL, NULL, 'Permite dormir confortavelmente.');

-- --------------------------------------------------------

--
-- Estrutura da tabela `t20_origens`
--

CREATE TABLE IF NOT EXISTS `t20_origens` (
  `id` int(11) NOT NULL AUTO_INCREMENT,
  `nome` varchar(100) NOT NULL,
  `pericias_treinadas` text,
  `poder_1_nome` varchar(255) DEFAULT NULL,
  `poder_1_desc` text,
  `poder_2_nome` varchar(255) DEFAULT NULL,
  `poder_2_desc` text,
  `poder_3_nome` varchar(255) DEFAULT NULL,
  `poder_3_desc` text,
  PRIMARY KEY (`id`),
  UNIQUE KEY `nome` (`nome`)
) ENGINE=InnoDB  DEFAULT CHARSET=utf8mb4 AUTO_INCREMENT=36 ;

--
-- Extraindo dados da tabela `t20_origens`
--

INSERT INTO `t20_origens` (`id`, `nome`, `pericias_treinadas`, `poder_1_nome`, `poder_1_desc`, `poder_2_nome`, `poder_2_desc`, `poder_3_nome`, `poder_3_desc`) VALUES
(1, 'Acólito', 'Cura, Religião, Vontade', 'Membro da Igreja', 'Você consegue hospedagem confortável e informação em qualquer templo de sua divindade, para você e seus aliados.', 'Vontade de Ferro', 'Você recebe +1 PM para cada dois níveis de personagem e +2 em Vontade. Pré-requisito: Sab 1.', NULL, NULL),
(2, 'Amigo dos Animais', 'Adestramento, Cavalgar', 'Amigo Especial', 'Você recebe +5 em testes de Adestramento com animais. Além disso, possui um animal de estimação que o auxilia e o acompanha em suas aventuras. Em termos de jogo, é um parceiro que fornece +2 em uma perícia a sua escolha (exceto Luta ou Pontaria e aprovada pelo mestre) e não conta em seu limite de parceiros.', NULL, NULL, NULL, NULL),
(3, 'Amnésico', 'Uma perícia à escolha', 'Lembranças Graduais', 'Durante suas aventuras, em determinados momentos a critério do mestre, você pode fazer um teste de Sabedoria (CD 10) para reconhecer pessoas, criaturas ou lugares que tenha encontrado antes de perder a memória.', 'Poder Adicional (Definido pelo Mestre)', 'O mestre define um poder geral adicional que você possui, mas não se lembrava.', NULL, NULL),
(4, 'Aristocrata', 'Diplomacia, Enganação, Nobreza', 'Comandar', 'Você pode gastar uma ação de movimento e 1 PM para gritar ordens para seus aliados em alcance médio. Eles recebem +1 em testes de perícia até o fim da cena. Pré-requisito: Car 1.', 'Sangue Azul', 'Você tem alguma influência política, suficiente para ser tratado com mais leniência pela guarda, conseguir uma audiência com o nobre local etc.', NULL, NULL),
(5, 'Artesão', 'Ofício, Vontade', 'Frutos do Trabalho', 'No início de cada aventura, você recebe até 5 itens gerais que possa fabricar num valor total de até T$ 50. Esse valor aumenta para T$ 100 no patamar aventureiro, T$ 300 no heroico e T$ 500 no lenda.', 'Sortudo', 'Você pode gastar 3 PM para rolar novamente um teste recém realizado (apenas uma vez por teste).', NULL, NULL),
(6, 'Artista', 'Atuação, Enganação', 'Atraente', 'Você recebe +2 em testes de Diplomacia, Enganação e Intuição, mas apenas se não estiver usando armadura pesada.', 'Dom Artístico', 'Você recebe +2 em testes de Atuação, e recebe o dobro de tibares em apresentações.', 'Escolha: Sortudo ou Torcida', 'Sortudo: Você pode gastar 3 PM para rolar novamente um teste recém realizado (apenas uma vez por teste).\nTorcida: Você pode gastar 1 PM e uma ação padrão para fazer um teste de Atuação (CD 15). Se passar, você e todos os aliados em alcance curto recebem +1 em testes de ataque e rolagens de dano por uma rodada.'),
(7, 'Assistente de Laboratório', 'Ofício (alquimista), Misticismo', 'Esse Cheiro...', 'Você recebe +2 em testes de Misticismo e Ofício (alquimia).', 'Venefício', 'Você recebe +2 em testes de Ofício (alquimia) para fabricar venenos e aplica venenos como uma ação de movimento (em vez de ação padrão).', 'Poder da Tormenta (Escolha)', 'Você recebe um poder da Tormenta a sua escolha (funciona como o poder Transcender, exigindo escolha posterior).'),
(8, 'Batedor', 'Furtividade, Percepção, Sobrevivência', 'À Prova de Tudo', 'Você recebe +1 ponto de vida por nível de personagem.', 'Estilo de Disparo', 'Você recebe o poder Estilo de Disparo (escolha um).', 'Sentidos Aguçados', 'Você recebe +2 em testes de Percepção e não fica desprevenido contra inimigos que não possa ver em alcance curto.'),
(9, 'Capanga', 'Luta, Intimidação', 'Confissão', 'Você pode usar Intimidação para obter informação (veja Investigação). Esta ação leva uma hora e você não precisa fazer um teste — a vítima automaticamente revela a informação (se a tiver). Você só pode usar esta habilidade uma vez por cena contra o mesmo alvo.', 'Poder de Combate (Escolha)', 'Você recebe um poder de combate a sua escolha.', NULL, NULL),
(10, 'Charlatão', 'Enganação, Jogatina', 'Alpinista Social', 'Você pode usar Enganação no lugar de Diplomacia ou Intimidação para mudar atitude de alvos. Pré-requisito: treinado em Enganação.', 'Aparência Inofensiva', 'A dificuldade para resistir aos seus testes de Enganação aumenta em +2.', 'Sortudo', 'Você pode gastar 3 PM para rolar novamente um teste recém realizado (apenas uma vez por teste).'),
(11, 'Circense', 'Acrobacia, Atuação, Reflexos', 'Acrobático', 'Você recebe +2 em testes de Acrobacia. Além disso, quando sofre dano de queda, pode fazer um teste de Acrobacia (CD 15); se passar, reduz o dano da queda à metade.', 'Torcida', 'Você pode gastar 1 PM e uma ação padrão para fazer um teste de Atuação (CD 15). Se passar, você e todos os aliados em alcance curto recebem +1 em testes de ataque e rolagens de dano por uma rodada.', 'Truque de Mágica', 'Você aprende e pode lançar Ilusão. Se aprender novamente essa magia, seu custo diminui em –1 PM.'),
(12, 'Criminoso', 'Enganação, Furtividade, Ladinagem', 'Punguista', 'Você recebe +2 em testes de Ladinagem e pode usar esta perícia para furtar PM em vez de itens.', 'Venefício', 'Você recebe +2 em testes de Ofício (alquimia) para fabricar venenos e aplica venenos como uma ação de movimento (em vez de ação padrão).', NULL, NULL),
(13, 'Curandeiro', 'Cura, Vontade', 'Medicina', 'Você recebe +2 em testes de Cura. Além disso, pode gastar uma ação de movimento e 1 PM para curar 1d6 pontos de vida de um aliado adjacente.', 'Médico de Campo', 'Você pode usar a perícia Cura em alcance curto (em vez de apenas em alcance pessoal ou adjacente).', 'Venefício', 'Você recebe +2 em testes de Ofício (alquimia) para fabricar venenos e aplica venenos como uma ação de movimento (em vez de ação padrão).'),
(14, 'Eremita', 'Misticismo, Religião, Sobrevivência', 'Busca Interior', 'Você pode gastar uma hora meditando para recuperar 1 PM. Você pode usar esta habilidade um número de vezes por dia igual ao seu bônus de Sabedoria (mínimo 1).', 'Lobo Solitário', 'Você recebe +1 em testes de perícia e Defesa se estiver sem nenhum aliado em alcance curto. Você não sofre penalidade por usar Cura em si mesmo.', NULL, NULL),
(15, 'Escravo', 'Atletismo, Fortitude, Furtividade', 'Desejo de Liberdade', 'Você recebe +1 PM para cada dois níveis de personagem e +2 em Vontade.', 'Vitalidade', 'Você recebe +2 pontos de vida para cada nível de personagem.', NULL, NULL),
(16, 'Estudioso', 'Conhecimento, Guerra, Misticismo', 'Aparência Inofensiva', 'A dificuldade para resistir aos seus testes de Enganação aumenta em +2.', 'Palpite Fundamentado', 'Você pode gastar uma ação completa analisando um item, local ou criatura para descobrir uma de suas características, como RD, valores de atributos, se é mágico etc., a critério do mestre.', NULL, NULL),
(17, 'Fazendeiro', 'Adestramento, Cavalgar, Ofício (fazendeiro)', 'Água no Feijão', 'Você gasta apenas metade da ração diária normal para se alimentar. Além disso, sabe cozinhar: pode preparar alimentos para um número de pessoas igual ao seu bônus de Sabedoria +1 por 1 Tibar por pessoa. Um personagem que coma uma refeição recupera 1 PV por nível.', 'Ginete', 'Você recebe +2 em testes de Cavalgar. Além disso, não sofre penalidade em testes de ataque por lutar montado.', NULL, NULL),
(18, 'Forasteiro', 'Cavalgar, Pilotagem, Sobrevivência', 'Cultura Exótica', 'Você recebe +2 em testes de Conhecimento e Misticismo.', 'Lobo Solitário', 'Você recebe +1 em testes de perícia e Defesa se estiver sem nenhum aliado em alcance curto. Você não sofre penalidade por usar Cura em si mesmo.', NULL, NULL),
(19, 'Gladiador', 'Atuação, Luta', 'Atraente', 'Você recebe +2 em testes de Diplomacia, Enganação e Intuição, mas apenas se não estiver usando armadura pesada.', 'Pão e Circo', 'Você pode gastar uma hora e T$ 10 para entreter uma plateia mundana. Faça um teste de Atuação (CD 15). Se passar, você recebe T$ 10 mais T$ 1 por ponto que exceder a CD.', 'Torcida OU Poder de Combate', 'Torcida: Gastar 1 PM, ação padrão, teste Atuação (CD 15); sucesso: +1 ataque/dano para aliados em alcance curto por 1 rodada.\nPoder de Combate: Você recebe um poder de combate a sua escolha.'),
(20, 'Guarda', 'Investigação, Luta, Percepção', 'Detetive', 'Você recebe +2 em testes de Investigação.', 'Investigador', 'Você pode usar Investigação para procurar pistas. Esta ação leva um minuto e exige um teste de Investigação (CD 15). Se passar, você encontra uma pista sobre o mistério que estiver investigando.', 'Poder de Combate (Escolha)', 'Você recebe um poder de combate a sua escolha.'),
(21, 'Herdeiro', 'Misticismo, Nobreza, Ofício', 'Comandar', 'Você pode gastar uma ação de movimento e 1 PM para gritar ordens para seus aliados em alcance médio. Eles recebem +1 em testes de perícia até o fim da cena. Pré-requisito: Car 1.', 'Herança', 'Você começa o jogo com T$ 1.000 extras.', NULL, NULL),
(22, 'Herói Camponês', 'Adestramento, Ofício', 'Coração Heroico', 'Você recebe +1 em testes de resistência.', 'Sortudo', 'Você pode gastar 3 PM para rolar novamente um teste recém realizado (apenas uma vez por teste).', 'Escolha: Surto Heroico ou Torcida', 'Surto Heroico: Uma vez por dia, pode gastar 5 PM para realizar uma ação padrão ou de movimento adicional.\nTorcida: Gastar 1 PM, ação padrão, teste Atuação (CD 15); sucesso: +1 ataque/dano para aliados em alcance curto por 1 rodada.'),
(23, 'Marujo', 'Atletismo, Jogatina, Pilotagem', 'Acrobático', 'Você recebe +2 em testes de Acrobacia. Além disso, quando sofre dano de queda, pode fazer um teste de Acrobacia (CD 15); se passar, reduz o dano da queda à metade.', 'Passagem de Navio', 'Você consegue transporte marítimo gratuito para você e seus aliados.', NULL, NULL),
(24, 'Mateiro', 'Atletismo, Furtividade, Sobrevivência', 'Lobo Solitário', 'Você recebe +1 em testes de perícia e Defesa se estiver sem nenhum aliado em alcance curto. Você não sofre penalidade por usar Cura em si mesmo.', 'Sentidos Aguçados', 'Você recebe +2 em testes de Percepção e não fica desprevenido contra inimigos que não possa ver em alcance curto.', 'Vendedor de Carcaças', 'Você pode gastar 1 hora esfolando um animal que tenha caçado para obter couro e carne, que valem T$ 10.'),
(25, 'Membro de Guilda', 'Diplomacia, Enganação, Misticismo, Ofício', 'Foco em Perícia', 'Escolha uma perícia. Você recebe +2 nesta perícia.', 'Rede de Contatos', 'Você pode usar Diplomacia para obter informação (veja Investigação). Esta ação leva um dia.', NULL, NULL),
(26, 'Mercador', 'Diplomacia, Intuição, Ofício', 'Negociação', 'Você recebe +2 em testes de Diplomacia para barganhar.', 'Proficiência', 'Você recebe proficiência em uma arma exótica à sua escolha.', 'Sortudo', 'Você pode gastar 3 PM para rolar novamente um teste recém realizado (apenas uma vez por teste).'),
(27, 'Minerador', 'Atletismo, Fortitude, Ofício (minerador)', 'Ataque Poderoso', 'Você pode sofrer –2 em testes de ataque corpo a corpo para receber +5 nas rolagens de dano.', 'Escavador', 'Você não sofre penalidade em deslocamento por terreno difícil causado por pedras ou terra.', 'Sentidos Aguçados', 'Você recebe +2 em testes de Percepção e não fica desprevenido contra inimigos que não possa ver em alcance curto.'),
(28, 'Nômade', 'Cavalgar, Pilotagem, Sobrevivência', 'Lobo Solitário', 'Você recebe +1 em testes de perícia e Defesa se estiver sem nenhum aliado em alcance curto. Você não sofre penalidade por usar Cura em si mesmo.', 'Mochileiro', 'Seu limite de carga aumenta em +5 espaços.', 'Sentidos Aguçados', 'Você recebe +2 em testes de Percepção e não fica desprevenido contra inimigos que não possa ver em alcance curto.'),
(29, 'Pivete', 'Furtividade, Iniciativa, Ladinagem', 'Acrobático', 'Você recebe +2 em testes de Acrobacia. Além disso, quando sofre dano de queda, pode fazer um teste de Acrobacia (CD 15); se passar, reduz o dano da queda à metade.', 'Aparência Inofensiva', 'A dificuldade para resistir aos seus testes de Enganação aumenta em +2.', 'Quebra-Galho', 'Você pode usar Ladinagem no lugar de Ofício para consertar itens mundanos.'),
(30, 'Refugiado', 'Fortitude, Reflexos, Vontade', 'Estoico', 'Você recebe +2 em testes de Fortitude e Vontade.', 'Vontade de Ferro', 'Você recebe +1 PM para cada dois níveis de personagem e +2 em Vontade. Pré-requisito: Sab 1.', NULL, NULL),
(31, 'Seguidor', 'Adestramento, Ofício', 'Antigo Mestre', 'Uma vez por dia, você pode fazer um teste de Sabedoria (CD 15). Se passar, recebe +2 em um teste de perícia à sua escolha até o fim do dia.', 'Proficiência', 'Você recebe proficiência em uma arma exótica à sua escolha.', 'Surto Heroico', 'Uma vez por dia, pode gastar 5 PM para realizar uma ação padrão ou de movimento adicional.'),
(32, 'Selvagem', 'Percepção, Reflexos, Sobrevivência', 'Lobo Solitário', 'Você recebe +1 em testes de perícia e Defesa se estiver sem nenhum aliado em alcance curto. Você não sofre penalidade por usar Cura em si mesmo.', 'Vida Rústica', 'Você recebe +2 em testes de Percepção e Sobrevivência.', 'Vitalidade', 'Você recebe +2 pontos de vida para cada nível de personagem.'),
(33, 'Soldado', 'Fortitude, Guerra, Luta, Pontaria', 'Influência Militar', 'Você recebe +2 em testes de Intimidação.', 'Poder de Combate (Escolha)', 'Você recebe um poder de combate a sua escolha.', NULL, NULL),
(34, 'Taverneiro', 'Diplomacia, Jogatina, Ofício (cozinheiro)', 'Gororoba', 'Você pode preparar alimentos para um número de pessoas igual ao seu bônus de Carisma +1 por 1 Tibar por pessoa. Um personagem que coma uma refeição recupera 1 PV por nível.', 'Proficiência', 'Você recebe proficiência em uma arma exótica à sua escolha.', 'Vitalidade', 'Você recebe +2 pontos de vida para cada nível de personagem.'),
(35, 'Trabalhador', 'Atletismo, Fortitude', 'Atlético', 'Você recebe +2 em testes de Atletismo.', 'Esforçado', 'Você recebe +1 PM para cada dois níveis de personagem.', NULL, NULL);

-- --------------------------------------------------------

--
-- Estrutura da tabela `t20_poderes_classe`
--

CREATE TABLE IF NOT EXISTS `t20_poderes_classe` (
  `id` int(11) NOT NULL AUTO_INCREMENT,
  `classe_id` int(11) NOT NULL,
  `nome` varchar(191) NOT NULL,
  `descricao` text NOT NULL,
  `pre_requisito` varchar(255) DEFAULT NULL,
  PRIMARY KEY (`id`),
  UNIQUE KEY `nome_classe_unique` (`classe_id`,`nome`)
) ENGINE=InnoDB  DEFAULT CHARSET=utf8mb4 AUTO_INCREMENT=54 ;

--
-- Extraindo dados da tabela `t20_poderes_classe`
--

INSERT INTO `t20_poderes_classe` (`id`, `classe_id`, `nome`, `descricao`, `pre_requisito`) VALUES
(1, 1, 'Ambidestria', 'Se estiver empunhando duas armas (e pelo menos uma delas for leve) e fizer a ação agredir, você pode fazer dois ataques, um com cada arma. Se fizer isso, sofre –2 em todos os testes de ataque até o seu próximo turno.', 'Des 2'),
(2, 1, 'Armadilha: Arataca', 'A vítima sofre 2d6 pontos de dano de perfuração e fica agarrada. Uma criatura agarrada pode escapar com uma ação padrão e um teste de Força ou Acrobacia (CD Sab).', NULL),
(3, 1, 'Armadilha: Espinhos', 'A vítima sofre 6d6 pontos de dano de perfuração. Um teste de Reflexos (CD Sab) reduz o dano à metade.', NULL),
(4, 1, 'Armadilha: Laço', 'A vítima deve fazer um teste de Reflexos (CD Sab). Se passar, fica caída. Se falhar, fica agarrada. Uma criatura agarrada pode se soltar com uma ação padrão e um teste de Força ou Acrobacia (CD Sab).', NULL),
(5, 1, 'Armadilha: Rede', 'Todas as criaturas na área ficam enredadas e não podem sair da área. Uma vítima pode se libertar com uma ação padrão e um teste de Força ou Acrobacia (CD 25). Além disso, a área ocupada pela rede é considerada terreno difícil.', NULL),
(6, 1, 'Armadilheiro', 'A CD para encontrar e resistir às suas armadilhas aumenta em +5 e você soma sua Sabedoria ao dano delas.', '5º nível de caçador'),
(7, 1, 'Arqueiro', 'Se estiver usando uma arma de ataque à distância, você soma sua Sabedoria nas rolagens de dano (limitado pelo seu nível).', 'Sab 1'),
(8, 1, 'Aumento de Atributo', 'Você recebe +1 em um atributo. Você pode escolher este poder várias vezes, mas apenas uma vez por patamar para o mesmo atributo.', NULL),
(9, 1, 'Bote', 'Se estiver empunhando duas armas e fizer uma investida, você pode pagar 1 PM para fazer um ataque adicional com sua arma secundária.', 'Ambidestria, 6º nível de caçador'),
(10, 1, 'Camuflagem', 'Você pode gastar 2 PM para se esconder mesmo sem camuflagem ou cobertura disponível.', '6º nível de caçador'),
(11, 1, 'Chuva de Lâminas', 'Uma vez por rodada, quando usa Ambidestria, você pode pagar 2 PM para fazer um ataque adicional com sua arma primária.', 'Des 4, Ambidestria, 12º nível de caçador'),
(12, 1, 'Companheiro Animal', 'Você recebe um companheiro animal. Você veja o quadro na página 62.', 'Car 1, treinado em Adestramento'),
(13, 1, 'Emboscar', 'Você pode gastar 2 PM para realizar uma ação padrão adicional em seu turno. Você só pode usar este poder na primeira rodada de um combate.', 'Treinado em Furtividade'),
(14, 1, 'Empatia Selvagem', 'Você pode se comunicar com animais por meio de linguagem corporal e vocalizações. Você pode usar Adestramento para mudar atitude e persuasão com animais (veja Diplomacia).', NULL),
(15, 1, 'Escaramuça', 'Quando se move 6m ou mais, você recebe +2 na Defesa e Reflexos e +1d8 nas rolagens de dano de ataques corpo a corpo e à distância até o início do seu próximo turno.', 'Des 2'),
(16, 1, 'Escaramuça Superior', 'Quando usa Escaramuça, seus bônus aumentam para +5 na Defesa e Reflexos e +1d12 em rolagens de dano.', 'Escaramuça, 12º nível de caçador'),
(17, 1, 'Espreitar', 'Quando usa a habilidade Marca da Presa, você recebe um bônus de +1 em testes de perícia contra a criatura marcada. Esse bônus aumenta em +1 para cada PM adicional gasto na habilidade e também dobra com a habilidade Inimigo.', NULL),
(18, 1, 'Elo com a Natureza', 'Você recebe +2 em Adestramento, Cavalgar, Cura e Sobrevivência.', NULL),
(19, 1, 'Ervas Curativas', 'Você pode gastar uma ação completa e uma quantidade de PM a sua escolha (limitado por sua Sabedoria) para aplicar ervas que curam ou desintoxicam em você ou num aliado adjacente. Para cada PM que gastar, cura 2d6 PV ou remove uma condição de veneno.', NULL),
(20, 1, 'Despistar', 'Você pode gastar 1 PM para aumentar a dificuldade para rastreá-lo em +10 por uma rodada.', NULL),
(21, 1, 'Inimigo (Criatura)', 'Escolha um tipo de criatura entre animal, construto, espírito, monstro ou morto-vivo, ou duas raças humanoides. Você recebe +2 em testes de Intimidação e Sobrevivência contra esse tipo/raças e +1d8 nas rolagens de dano. Você pode escolher este poder outras vezes para inimigos diferentes.', NULL),
(22, 1, 'Olho de Falcão', 'Você pode usar a habilidade Marca da Presa em criaturas em alcance longo.', NULL),
(23, 1, 'Ponto Fraco', 'Quando usa a habilidade Marca da Presa, seus ataques contra a criatura marcada recebem +2 na margem de ameaça. Esse bônus dobra com a habilidade Inimigo.', NULL),
(24, 2, 'Ambidestria', 'Se estiver empunhando duas armas (e pelo menos uma delas for leve) e fizer a ação agredir, você pode fazer dois ataques, um com cada arma. Se fizer isso, sofre –2 em todos os testes de ataque até o seu próximo turno.', 'Des 2'),
(25, 2, 'Arqueiro', 'Se estiver usando uma arma de ataque à distância, você soma sua Sabedoria em rolagens de dano (limitado pelo seu nível).', 'Sab 1'),
(26, 2, 'Ataque Reflexo', 'Se um alvo em alcance de seus ataques corpo a corpo ficar desprevenido ou se mover voluntariamente para fora do seu alcance, você pode gastar 1 PM para fazer um ataque corpo a corpo contra esse alvo (apenas uma vez por alvo a cada rodada).', 'Des 1'),
(27, 2, 'Aumento de Atributo', 'Você recebe +1 em um atributo. Você pode escolher este poder várias vezes, mas apenas uma vez por patamar para o mesmo atributo.', NULL),
(28, 2, 'Bater e Correr', 'Quando faz uma investida, você pode continuar se movendo após o ataque, até o limite de seu deslocamento. Se gastar 2 PM, pode fazer uma investida sobre terreno difícil e sem sofrer a penalidade de Defesa.', NULL),
(29, 2, 'Destruidor', 'Quando causa dano com uma arma corpo a corpo de duas mãos, você pode rolar novamente qualquer resultado 1 ou 2 da rolagem de dano da arma.', 'For 1'),
(30, 2, 'Esgrimista', 'Quando usa uma arma corpo a corpo leve ou ágil, você soma sua Inteligência em rolagens de dano (limitado pelo seu nível).', 'Int 1'),
(31, 2, 'Especialização em Arma', 'Escolha uma arma. Você recebe +2 em rolagens de dano com essa arma. Você pode escolher este poder outras vezes para armas diferentes.', NULL),
(32, 2, 'Especialização em Armadura', 'Você recebe redução de dano 5 se estiver usando uma armadura pesada.', '12º nível de guerreiro'),
(33, 2, 'Golpe de Raspão', 'Uma vez por rodada, quando erra um ataque, você pode gastar 2 PM. Se fizer isso, causa metade do dano que causaria (ignorando efeitos que se aplicariam caso o ataque acertasse).', NULL),
(34, 2, 'Golpe Demolidor', 'Quando usa a manobra quebrar ou ataca um objeto, você pode gastar 2 PM para ignorar a redução de dano dele.', NULL),
(35, 2, 'Golpe Pessoal', 'Quando faz um ataque, você pode desferir seu Golpe Pessoal, uma técnica única, com efeitos determinados por você. (Veja a lista completa de efeitos no livro, ex: Amplo, Brutal, Conjurador, etc.)', '5º nível de guerreiro'),
(36, 3, 'Armadura Brilhante', 'Você pode usar seu Carisma na Defesa quando usa armadura pesada. Se fizer isso, não pode somar sua Destreza, mesmo que outras habilidades ou efeitos permitam isso.', '8º nível de nobre'),
(37, 3, 'Aumento de Atributo', 'Você recebe +1 em um atributo. Você pode escolher este poder várias vezes, mas apenas uma vez por patamar para o mesmo atributo.', NULL),
(38, 3, 'Autoridade Feudal', 'Você pode gastar uma hora e 2 PM para conclamar o povo a ajudá-lo. Isso conta como um parceiro iniciante de um tipo a sua escolha (aprovado pelo mestre) que lhe acompanha até o fim da aventura.', '6º nível de nobre'),
(39, 3, 'Educação Privilegiada', 'Você se torna treinado em duas perícias de nobre a sua escolha.', NULL),
(40, 3, 'Estrategista', 'Você pode direcionar aliados em alcance curto. Gaste uma ação padrão e 1 PM por aliado (limitado pelo seu Carisma). No próximo turno do aliado, ele ganha uma ação de movimento.', 'Int 1, treinado em Guerra, 6º nível de nobre'),
(41, 3, 'Favor', 'Você pode usar sua influência para pedir favores a pessoas poderosas. Gaste 5 PM e uma hora de conversa. Role Diplomacia (CD 20). Se passar, consegue o favor. Se falhar, não pode pedir novamente por uma semana.', NULL),
(42, 3, 'General', 'Quando você usa o poder Estrategista, aliados direcionados recebem 1d4 PM temporários. Esses PM duram até o fim do turno do aliado.', 'Estrategista, 12º nível de nobre'),
(43, 3, 'Grito Típico', 'Você pode gastar um PM para usar Palavras Afiadas como uma ação completa, em vez de padrão. Se fizer isso, seus dados de dano aumentam para d8 e você atinge todos os inimigos em alcance curto.', '8º nível de nobre'),
(44, 3, 'Inspirar Confiança', 'Sua presença faz as pessoas darem o melhor de si. Quando um aliado em alcance curto faz um teste, você pode gastar 2 PM para fazer com que ele possa rolar esse teste novamente.', NULL),
(45, 3, 'Inspirar Glória', 'Quando você usa Inspirar Confiança, pode gastar +1 PM para fazer o aliado rolar novamente um teste de ataque ou resistência. Se o aliado passar no teste, você pode gastar 5 PM para que ele ganhe uma ação padrão adicional no próximo turno dele.', 'Inspirar Confiança, 8º nível de nobre'),
(46, 3, 'Jogo da Corte', 'Você pode gastar 1 PM para rolar novamente um teste recém realizado de Diplomacia, Intuição ou Nobreza.', NULL),
(47, 3, 'Liderar pelo Exemplo', 'Você pode gastar 2 PM para servir de inspiração. Até o início de seu próximo turno, sempre que você passar em um teste de perícia, aliados em alcance curto que fizerem um teste da mesma perícia podem usar o resultado do seu teste em vez de seu próprio.', '6º nível de nobre'),
(48, 3, 'Língua de Ouro', 'Você pode gastar uma ação padrão e 4 PM para gerar o efeito da magia Enfeitiçar com os aprimoramentos de Sugestão e Afetar Criatura. A CD é baseada em Carisma.', 'Língua de Prata, 8º nível de nobre'),
(49, 3, 'Língua de Prata', 'Quando faz um teste de perícia baseada em Carisma, você pode gastar 2 PM para receber um bônus no teste igual à metade do seu nível.', NULL),
(50, 3, 'Língua Rápida', 'Quando faz um teste de Diplomacia para mudar atitude, pode gastar uma ação completa, em vez de uma minuto.', NULL),
(51, 3, 'Presunção Aristocrática', 'Sua Presença Aristocrática passa a funcionar contra qualquer criatura com valor de Inteligência (incluindo criaturas sem mente), mas não funcionando contra criaturas Int -).', 'Presença Aristocrática, 16º nível de nobre'),
(52, 3, 'Título', 'Você adquire um título de nobreza. Você recebe 20 T$ no início de cada aventura e um servo (parceiro iniciante).', NULL),
(53, 3, 'Voz Poderosa', 'Você recebe +2 em Diplomacia e Intimidação. Suas habilidades de nobre com alcance curto passam para alcance médio.', NULL);

-- --------------------------------------------------------

--
-- Estrutura da tabela `t20_poderes_divinos`
--

CREATE TABLE IF NOT EXISTS `t20_poderes_divinos` (
  `id` int(11) NOT NULL AUTO_INCREMENT,
  `nome` varchar(191) NOT NULL,
  `descricao` text NOT NULL,
  PRIMARY KEY (`id`),
  UNIQUE KEY `nome` (`nome`)
) ENGINE=InnoDB  DEFAULT CHARSET=utf8mb4 AUTO_INCREMENT=73 ;

--
-- Extraindo dados da tabela `t20_poderes_divinos`
--

INSERT INTO `t20_poderes_divinos` (`id`, `nome`, `descricao`) VALUES
(1, 'Afinidade com a Tormenta', 'Você recebe +10 em testes de resistência contra efeitos da Tormenta, de suas criaturas e de devotos de Aharadak. Além disso, seu primeiro poder da Tormenta não conta para perda de Carisma.'),
(2, 'Almejar o Impossível', 'Quando faz um teste de perícia, um resultado 19 ou mais no dado sempre é um sucesso, não importando o valor a ser alcançado.'),
(3, 'Anfíbio', 'Você pode respirar embaixo d''água e adquire deslocamento de natação igual a seu deslocamento terrestre.'),
(4, 'Apostar com o Trapaceiro', 'Quando faz um teste de perícia, você pode gastar 1 PM para apostar com Hyninn. Você e o mestre rolam 1d20; se o seu resultado for maior, você passa no teste (mesmo que o resultado rolado tenha sido uma falha). Se for menor, falha (mesmo que tenha sido um sucesso). Se empatar, o mestre escolhe se você passa ou falha. Você não pode usar esta habilidade em um teste que já tenha rolado novamente.'),
(5, 'Armas da Ambição', 'Você recebe +1 em testes de ataque e na margem de ameaça com armas nas quais é proficiente.'),
(6, 'Arsenal das Profundezas', 'Você recebe +2 nas rolagens de dano com azagaias, lanças e tridentes e seu multiplicador de crítico com essas armas aumenta em +1.'),
(7, 'Astúcia da Serpente', 'Você recebe +2 em Enganação, Furtividade e Intuição.'),
(8, 'Ataque Piedoso', 'Você pode usar armas corpo a corpo para causar dano não letal sem sofrer a penalidade de –5 no teste de ataque.'),
(9, 'Aura de Medo', 'Você pode gastar 2 PM para gerar uma aura de medo de 9m de raio e duração até o fim da cena. Todos os inimigos que entrarem na aura devem fazer um teste de Vontade (CD Car) ou ficam abalados até o fim da cena. Uma criatura que passe no teste de Vontade fica imune a esta habilidade por um dia.'),
(10, 'Aura de Paz', 'Você pode gastar 2 PM para gerar uma aura de paz com alcance curto e duração de uma cena. Qualquer inimigo dentro da aura que tente fazer uma ação hostil contra você deve fazer um teste de Vontade (CD Car). Se falhar, perderá sua ação. Se passar, fica imune a esta habilidade por um dia.'),
(11, 'Aura Restauradora', 'Efeitos de cura usados por você e seus aliados em alcance curto recuperam +1 PV por dado.'),
(12, 'Bênção do Mana', 'Você recebe +1 PM a cada nível ímpar.'),
(13, 'Carícia Sombria', 'Você pode gastar 1 PM e uma ação padrão para cobrir sua arma com energia negativa e trocar seu dano para trevas (Fortitude CD Sab reduz à metade) e você recupera PV iguais à metade do dano causado. Você pode aprender Toque Vampírico como uma magia divina. Se fizer isso, seu custo diminui em –1 PM.'),
(14, 'Centelha Mágica', 'Escolha uma magia arcana ou divina de 1º círculo. Você aprende e pode lançar essa magia.'),
(15, 'Compreender os Ermos', 'Você recebe +2 em Sobrevivência e pode usar Sabedoria para Adestramento (em vez de Carisma).'),
(16, 'Conhecimento Enciclopédico', 'Você se torna treinado em duas perícias baseadas em Inteligência a sua escolha.'),
(17, 'Conjurar Arma', 'Você pode gastar 1 PM para invocar uma arma corpo a corpo ou de arremesso com a qual seja proficiente. A arma surge em sua mão, fornece +1 em testes de ataque e rolagens de dano, e é considerada mágica.'),
(18, 'Coragem Total', 'Você é imune a efeitos de medo, mágicos ou não. Este poder não anula fobias raciais (como o medo de altura dos minotauros).'),
(19, 'Cura Gentil', 'Você soma seu Carisma aos PV restaurados por seus efeitos mágicos de cura.'),
(20, 'Curandeira Perfeita', 'Você sempre pode escolher 10 em testes de Cura. Além disso, não sofre penalidade por usar esta perícia sem um kit de medicamentos. Se possuir o item, recebe +2 no teste de Cura (ou +5, se ele for aprimorado).'),
(21, 'Dedo Verde', 'Você aprende e pode lançar Controlar Plantas. Caso aprenda novamente esta magia, seu custo diminui em –1 PM.'),
(22, 'Descanso Natural', 'Para você, dormir ao relento conta como condição de descanso confortável.'),
(23, 'Dom da Esperança', 'Você soma sua Sabedoria em seus PV em vez de Constituição, e se torna imune às condições alquebrado, esmorecido e frustrado.'),
(24, 'Dom da Imortalidade', 'Você é imortal. Sempre que morre, não importando o motivo, volta à vida após 3d6 dias. Apenas paladinos podem escolher este poder. Um personagem pode ter Dom da Imortalidade ou Dom da Ressurreição, mas não ambos.'),
(25, 'Dom da Profecia', 'Você pode lançar Augúrio. Caso aprenda novamente esta magia, seu custo diminui em –1 PM. Você também pode gastar 2 PM para receber +2 em um teste.'),
(26, 'Dom da Ressurreição', 'Você pode gastar uma ação completa e todos os PM que possui (mínimo 1 PM) para tocar o corpo de uma criatura morta há menos de um ano e ressuscitá-la. A criatura volta à vida com 1 PV e 0 PM, e perde 1 ponto de Constituição permanentemente.'),
(27, 'Dom da Verdade', 'Você pode pagar 2 PM para receber +5 em testes de Intuição, e em testes de Percepção contra Enganação e Furtividade, até o fim da cena.'),
(28, 'Escamas Dracônicas', 'Você recebe +2 na Defesa e em Fortitude.'),
(29, 'Escudo Mágico', 'Quando lança uma magia, você recebe um bônus na Defesa igual ao círculo da magia lançada até o início do seu próximo turno.'),
(30, 'Espada Justiceira', 'Você pode gastar 1 PM para encantar sua espada (ou outra arma corpo a corpo de corte que esteja empunhando). Ela tem seu dano aumentado em um passo até o fim da cena.'),
(31, 'Espada Solar', 'Você pode gastar 1 PM para fazer uma arma corpo a corpo de corte que esteja empunhando causar +1d6 de dano por fogo até o fim da cena.'),
(32, 'Êxtase da Loucura', 'Toda vez que uma ou mais criaturas falham em um teste de Vontade contra uma de suas habilidades mágicas, você recebe 1 PM temporário cumulativo. Você pode ganhar um máximo de PM temporários por cena desta forma igual a sua Sabedoria.'),
(33, 'Familiar Ofídico', 'Você recebe um familiar cobra (veja a página 38) que não conta em seu limite de parceiros.'),
(34, 'Farsa do Fingidor', 'Você aprende e pode lançar Criar Ilusão. Caso aprenda novamente esta magia, seu custo diminui em –1 PM.'),
(35, 'Fé Guerreira', 'Você pode usar Sabedoria para Guerra (em vez de Inteligência). Além disso, em combate, pode gastar 2 PM para substituir um teste de perícia (exceto testes de ataque) por um teste de Guerra.'),
(36, 'Forma de Macaco', 'Você pode gastar uma ação completa e 2 PM para transformar-se em um macaco. Você adquire tamanho Mínusculo (o que fornece +5 em Furtividade e –5 em testes de manobra) e recebe deslocamento de escalar 9m. Seus equipamentos desaparecem (você perde seus benefícios) e você volta ao normal se suas estatísticas não são alteradas. A transformação dura indefinidamente, mas termina caso você faça um ataque, lance uma magia ou sofra dano.'),
(37, 'Fulgor Solar', 'Você recebe redução de frio e trevas 5. Além disso, quando é alvo de um ataque, pode gastar 1 PM para emitir um clarão solar que deixa o atacante ofuscado por uma rodada.'),
(38, 'Fúria Divina', 'Você pode gastar 2 PM para invocar uma fúria selvagem, tornando-se temível em combate. Até o fim da cena, você recebe +2 em testes de ataque e rolagens de dano corpo a corpo, mas não pode executar nenhuma ação que exija paciência ou concentração (como usar a perícia Furtividade ou lançar magias).'),
(39, 'Golpista Divino', 'Você recebe +2 em Enganação, Jogatina e Ladinagem.'),
(40, 'Habitante do Deserto', 'Você recebe redução de fogo 10 e pode pagar 1 PM para criar água pura e potável suficiente para um odre (ou outro recipiente pequeno).'),
(41, 'Inimigo de Tenebra', 'Seus ataques e habilidades causam +1d6 pontos de dano contra mortos-vivos. Quando você usa um efeito que gera luz, o alcance da iluminação dobra.'),
(42, 'Kiai Divino', 'Uma vez por rodada, quando faz um ataque corpo a corpo, você pode pagar 3 PM. Se acertar o ataque, causa dano máximo, sem necessidade de rolar dados.'),
(43, 'Liberdade Divina', 'Você pode gastar 2 PM para receber imunidade a efeitos de movimento por uma rodada.'),
(44, 'Manto da Penumbra', 'Você aprende e pode lançar Escuridão. Caso aprenda novamente esta magia, seu custo diminui em –1 PM.'),
(45, 'Mente Analítica', 'Você recebe +2 em Intuição, Investigação e Vontade.'),
(46, 'Mente Vazia', 'Você recebe +2 em Iniciativa, Percepção e Vontade.'),
(47, 'Mestre dos Mares', 'Você pode falar com animais aquáticos (como o efeito da magia Voz Divina) e aprende e pode lançar Acalmar Animal, mas só contra criaturas aquáticas. Caso aprenda novamente esta magia, seu custo diminui em –1 PM.'),
(48, 'Olhar Amedrontador', 'Você aprende e pode lançar Amedrontar. Caso aprenda novamente esta magia, seu custo diminui em –1 PM.'),
(49, 'Palavras de Bondade', 'Você aprende e pode lançar Enfeitiçar. Caso aprenda novamente esta magia, seu custo diminui em –1 PM.'),
(50, 'Percepção Temporal', 'Você pode gastar 3 PM para somar sua Sabedoria (limitado por seu nível e não cumulativo com efeitos que somam este atributo) a seus ataques, Defesa e testes de Reflexos até o fim da cena.'),
(51, 'Pesquisa Abençoada', 'Se passar uma hora pesquisando seus livros e anotações, você pode rolar novamente um teste de perícia baseada em Inteligência ou Sabedoria que tenha feito desde a última cena. Se tiver acesso a mais livros, você recebe um bônus no teste: +2 para uma coleção particular ou biblioteca pequena e +5 para a biblioteca de um templo ou universidade.'),
(52, 'Poder Oculto', 'Você pode gastar uma ação de movimento e 2 PM para invocar a força do acaso, e rolar na tabela de Poder Oculto.'),
(53, 'Presas Primordiais', 'Você pode gastar 1 PM para transformar seus dentes em presas afiadas até o fim da cena. Você recebe uma arma natural de mordida (dano 1d6, crítico x2, perfuração). Uma vez por rodada, quando usa a ação agredir, pode gastar 1 PM para fazer um ataque corpo a corpo extra com a mordida.'),
(54, 'Presas Venenosas', 'Você pode gastar uma ação de movimento e 1 PM para envenenar uma arma corpo a corpo que esteja empunhando. Em caso de acerto, a arma causa perda de 1d12 pontos de vida. A arma permanece envenenada até atingir uma criatura ou até o fim da cena, o que acontecer primeiro.'),
(55, 'Rejeição Divina', 'Você recebe resistência a magia divina +5.'),
(56, 'Reparar Injustiça', 'Uma vez por rodada, quando um oponente em alcance curto acertar um ataque em você ou em um de seus aliados, você pode gastar 2 PM para fazer este oponente repetir o ataque, escolhendo o pior entre os dois resultados.'),
(57, 'Sangue de Ferro', 'Você pode pagar 3 PM para receber +2 em rolagens de dano e redução de dano 5 até o fim da cena.'),
(58, 'Sangue Ofídico', 'Você recebe resistência a veneno +5 e a CD para resistir aos seus venenos aumenta em +2.'),
(59, 'Servos do Dragão', 'Você pode gastar uma ação completa e 2 PM para invocar 2d4+1 kobolds capangas em espaços desocupados em alcance curto.'),
(60, 'Sopro do Mar', 'Você pode gastar uma ação padrão e 1 PM para soprar vento e chuva em um cone de 6m. Criaturas na área sofrem 2d6 pontos de dano de frio (Reflexos CD Sab reduz à metade). Você pode aprender Sopro das Uivantes como uma magia divina. Se fizer isso, o custo dela diminui em –1 PM.'),
(61, 'Sorte dos Loucos', 'Você pode pagar 1 PM para rolar novamente um teste recém realizado. Se ainda assim falhar no teste, você perde 1d6 PM.'),
(62, 'Talento Artístico', 'Você recebe +2 em Acrobacia, Atuação e Diplomacia.'),
(63, 'Teurgista Místico', 'Até uma magia de cada círculo que você aprender poderá ser escolhida entre magias divinas (se você for um conjurador arcano) ou entre magias arcanas (se for um conjurador divino). Pré-requisito: habilidade de classe Magias.'),
(64, 'Tradição de Lin-Wu', 'Você considera a katana uma arma simples e, se for proficiente em armas marciais, recebe +1 na margem de ameaça com ela.'),
(65, 'Transmissão da Loucura', 'Você pode lançar Sussurros Insanos (CD Car). Caso aprenda novamente esta magia, seu custo diminui em –1 PM.'),
(66, 'Tropas Duyshidakk', 'Você pode gastar uma ação completa e 2 PM para invocar 1d4+1 goblioides capangas em espaços desocupados em alcance curto.'),
(67, 'Urro Divino', 'Quando faz um ataque ou lança uma magia, você pode pagar 1 PM para somar sua Constituição (mínimo +1) à rolagem de dano desse ataque ou magia.'),
(68, 'Visão nas Trevas', 'Você enxerga perfeitamente no escuro, incluindo em magias de escuridão.'),
(69, 'Voz da Civilização', 'Você está sempre sob efeito de Compreensão.'),
(70, 'Voz da Natureza', 'Você pode falar com animais (como o efeito da magia Voz Divina) e aprende e pode lançar Acalmar Animal, mas só contra animais. Caso aprenda novamente esta magia, seu custo diminai em –1 PM.'),
(71, 'Voz dos Monstros', 'Você conhece os idiomas de todos os monstros inteligentes e pode se comunicar livremente com monstros não inteligentes (Int –4 ou menor), como se estivesse sob efeito da magia Voz Divina.'),
(72, 'Zumbificar', 'Você pode gastar uma ação completa e 3 PM para reanimar o cadáver de uma criatura Pequena ou Média adjacente por um dia. O cadáver funciona como um parceiro iniciante de um tipo a sua escolha entre combatente, fortão ou guardião.');

-- --------------------------------------------------------

--
-- Estrutura da tabela `t20_poderes_gerais`
--

CREATE TABLE IF NOT EXISTS `t20_poderes_gerais` (
  `id` int(11) NOT NULL AUTO_INCREMENT,
  `nome` varchar(191) NOT NULL,
  `descricao` text NOT NULL,
  `categoria` varchar(50) NOT NULL,
  `pre_requisito` varchar(255) DEFAULT NULL,
  PRIMARY KEY (`id`),
  UNIQUE KEY `nome_categoria_unique` (`nome`,`categoria`)
) ENGINE=InnoDB  DEFAULT CHARSET=utf8mb4 AUTO_INCREMENT=68 ;

--
-- Extraindo dados da tabela `t20_poderes_gerais`
--

INSERT INTO `t20_poderes_gerais` (`id`, `nome`, `descricao`, `categoria`, `pre_requisito`) VALUES
(1, 'Acuidade com Arma', 'Quando usa uma arma corpo a corpo leve ou uma arma de arremesso, você pode usar sua Destreza em vez de Força nos testes de ataque e rolagens de dano.', 'Combate', 'Des 1'),
(2, 'Arma Secundária Grande', 'Você pode empunhar uma arma corpo a corpo de uma mão com sua mão inábil (com o poder Estilo de Duas Armas).', 'Combate', 'Estilo de Duas Armas'),
(3, 'Arremesso Potente', 'Quando usa uma arma de arremesso, você pode usar sua Força em vez de Destreza nos testes de ataque. Se você possuir o poder Ataque Poderoso, poderá usá-lo com armas de arremesso.', 'Combate', 'For 1, Estilo de Arremesso'),
(4, 'Arremesso Múltiplo', 'Uma vez por rodada, quando faz um ataque com uma arma de arremesso, você pode gastar 1 PM para fazer um ataque adicional contra o mesmo alvo, arremessando outra arma de arremesso.', 'Combate', 'Des 1, Estilo de Arremesso'),
(5, 'Ataque com Escudo', 'Uma vez por rodada, se estiver empunhando um escudo e fizer a ação agredir, você pode gastar 1 PM para fazer um ataque corpo a corpo extra com o escudo. Esse ataque não pode ser usado com o bônus do Bloqueio com Escudo na Defesa.', 'Combate', 'Estilo de Arma e Escudo'),
(6, 'Ataque Pesado', 'Quando faz um ataque corpo a corpo com uma arma de duas mãos, você pode pagar 1 PM. Se fizer isso e acertar o ataque, além do dano você pode fazer uma manobra derrubar ou empurrar contra o alvo como uma ação livre (use o resultado do ataque como o teste de manobra).', 'Combate', 'Estilo de Duas Mãos'),
(7, 'Ataque Preciso', 'Se estiver empunhando uma arma corpo a corpo em uma das mãos e nada na outra, você recebe +2 na margem de ameaça e +1 no multiplicador de crítico.', 'Combate', 'Estilo de Uma Arma'),
(8, 'Bloqueio com Escudo', 'Quando sofre dano, você pode gastar 1 PM para receber redução de dano igual ao bônus na Defesa que seu escudo fornece contra este dano. Você só pode usar este poder se estiver usando um escudo.', 'Combate', 'Estilo de Arma e Escudo'),
(9, 'Carga de Cavalaria', 'Quando faz uma investida montada, você causa +2d8 pontos de dano. Além disso, pode continuar se movendo depois do ataque, desde que se mova em linha reta e seu movimento máximo ainda seja o dobro do seu deslocamento.', 'Combate', 'Ginete'),
(10, 'Combate Defensivo', 'Quando usa a ação agredir, você pode usar este poder. Se fizer isso, até seu próximo turno, sofre –2 em todos os testes de ataque, mas recebe +5 na Defesa.', 'Combate', 'Int 1'),
(11, 'Derrubar Aprimorado', 'Você recebe +2 em testes de ataque para derrubar. Quando derruba uma criatura com esta manobra, pode gastar 1 PM para fazer um ataque extra contra ela.', 'Combate', NULL),
(12, 'Desarmar Aprimorado', 'Você recebe +2 em testes de ataque para desarmar. Quando desarma uma criatura, pode gastar 1 PM para arremessar a arma dela para longe.', 'Combate', 'Combate Defensivo'),
(13, 'Disparo Preciso', 'Você pode fazer ataques à distância contra oponentes envolvidos em combate corpo a corpo sem sofrer a penalidade de –5 no teste de ataque.', 'Combate', 'Estilo de Disparo ou Estilo de Arremesso'),
(14, 'Disparo Rápido', 'Se estiver empunhando uma arma de disparo que possa recarregar como ação livre e gastar uma ação completa para agredir, pode fazer um ataque adicional com ela. Se fizer isso, sofre –2 em todos os testes de ataque até o seu próximo turno.', 'Combate', 'Estilo de Disparo'),
(15, 'Empunhadura Poderosa', 'Ao usar uma arma feita para uma categoria de tamanho maior que a sua, a penalidade que você sofre nos testes de ataque diminui para –2 (normalmente, –5).', 'Combate', 'For 3'),
(16, 'Encouraçado', 'Se estiver usando uma armadura pesada, você recebe +2 na Defesa. Este bônus aumenta em +2 para cada outro poder que você possua que tenha Encouraçado como pré-requisito.', 'Combate', 'Proficiência com armaduras pesadas'),
(17, 'Esquiva', 'Você recebe +2 na Defesa e Reflexos.', 'Combate', 'Des 1'),
(18, 'Estilo de Arma e Escudo', 'Se estiver usando um escudo, o bônus na Defesa que ele fornece aumenta em +2.', 'Combate', 'Treinado em Luta, proficiência com escudos'),
(19, 'Estilo de Arma Longa', 'Você recebe +2 em testes de ataque com armas alongadas e pode atacar alvos adjacentes com essas armas.', 'Combate', 'For 1, treinado em Luta'),
(20, 'Estilo de Arremesso', 'Você pode sacar armas de arremesso como uma ação livre e recebe +2 nas rolagens de dano com elas. Se também possuir o poder Saque Rápido, também recebe +2 nos testes de ataque com essas armas.', 'Combate', 'Treinado em Pontaria'),
(21, 'Estilo de Disparo', 'Se estiver usando uma arma de disparo, você soma sua Destreza nas rolagens de dano.', 'Combate', 'Treinado em Pontaria'),
(22, 'Estilo de Duas Armas', 'Se estiver empunhando duas armas (e pelo menos uma delas for leve) e fizer a ação agredir, você pode fazer dois ataques, um com cada arma. Se fizer isso, sofre –2 em todos os testes de ataque até o seu próximo turno. Se possuir Ambidestria, em vez disso não sofre penalidade para usá-lo.', 'Combate', 'Des 2, treinado em Luta'),
(23, 'Estilo de Duas Mãos', 'Se estiver usando uma arma corpo a corpo com as duas mãos, você recebe +5 nas rolagens de dano. Este poder não pode ser usado com armas leves.', 'Combate', 'For 2, Treinado em Luta'),
(24, 'Estilo de Uma Arma', 'Se estiver usando uma arma corpo a corpo em uma das mãos e nada na outra, você recebe +2 na Defesa e nos testes de ataque com essa arma (exceto ataques desarmados).', 'Combate', 'Treinado em Luta'),
(25, 'Estilo Desarmado', 'Seus ataques desarmados causam 1d6 pontos de dano e podem causar dano letal ou não letal (sem penalidades).', 'Combate', 'Treinado em Luta'),
(26, 'Fanático', 'Seu deslocamento não é reduzido por usar armaduras pesadas.', 'Combate', '12º nível de personagem, Encouraçado'),
(27, 'Finta Aprimorada', 'Você recebe +2 em testes de Enganação para fintar e pode fintar como uma ação de movimento.', 'Combate', 'Treinado em Enganação'),
(28, 'Foco em Arma', 'Escolha uma arma. Você recebe +2 em testes de ataque com essa arma. Você pode escolher este poder outras vezes para armas diferentes.', 'Combate', 'Proficiência com a arma'),
(29, 'Ginete', 'Você passa automaticamente em testes de Cavalgar para não cair da montaria quando sofre dano. Além disso, não sofre penalidades para atacar à distância ou lançar magias quando montado.', 'Combate', 'Treinado em Cavalgar'),
(30, 'Inexpugnável', 'Se estiver usando uma armadura pesada, você recebe +2 em todos os testes de resistência.', 'Combate', 'Encouraçado, 6º nível de personagem'),
(31, 'Mira Apurada', 'Quando usa a ação mirar, você recebe +2 em testes de ataque e na margem de ameaça com ataques à distância até o fim do turno.', 'Combate', 'Sab 1, Disparo Preciso'),
(32, 'Piqueiro', 'Uma vez por rodada, se estiver empunhando uma arma alongada e um inimigo entrar voluntariamente em seu alcance corpo a corpo, você pode gastar 1 PM para fazer um ataque corpo a corpo contra este oponente com esta arma. Se o oponente tiver se aproximado fazendo uma investida, seu ataque causa dois dados de dano extra do mesmo tipo.', 'Combate', 'Estilo de Arma Longa'),
(33, 'Presença Aterradora', 'Você pode gastar uma ação padrão e 1 PM para assustar todas as criaturas a sua escolha em alcance curto. Veja a perícia Intimidação para as regras de assustar.', 'Combate', NULL),
(34, 'Proficiência', 'Escolha uma proficiência: armas marciais, armas de fogo, armaduras pesadas ou escudos (se for proficiente em armas marciais, você também pode escolher armas exóticas). Você recebe essa proficiência.', 'Combate', NULL),
(35, 'Quebrar Aprimorado', 'Você recebe +2 em testes de ataque para quebrar. Quando reduz os PV de uma arma para 0 ou menos, você pode gastar 1 PM para realizar um ataque extra contra o usuário dela. O ataque adicional usa os mesmos valores de ataque e dano, mas os dados devem ser rolados novamente.', 'Combate', 'Ataque Poderoso'),
(36, 'Reflexos de Combate', 'Você ganha uma ação de movimento extra no seu primeiro turno de cada combate.', 'Combate', 'Des 1'),
(37, 'Saque Rápido', 'Você recebe +2 em Iniciativa e pode sacar ou guardar itens como uma ação livre (em vez de ação de movimento). Além disso, a ação para recarregar armas de disparo diminui em uma categoria.', 'Combate', 'Treinado em Iniciativa'),
(38, 'Trespassar', 'Quando você faz um ataque corpo a corpo e reduz os pontos de vida do alvo para 0 ou menos, pode gastar 1 PM para fazer um ataque adicional contra outra criatura dentro do seu alcance.', 'Combate', 'Ataque Poderoso'),
(39, 'Vitalidade', 'Você recebe +1 PV por nível de personagem e +2 em Fortitude.', 'Combate', 'Con 1'),
(40, 'Acrobático', 'Você pode usar sua Destreza em vez de Força em testes de Atletismo. Além disso, terreno difícil não reduz seu deslocamento nem o impede de realizar investidas.', 'Destino', 'Des 2'),
(41, 'Ao Sabor do Destino', 'Confiando em suas próprias habilidades (ou em sua própria sorte), você abre mão de usar itens mágicos. Sua autoconfiança fornece diversos benefícios, de acordo com seu nível de personagem (6º: +2 perícia, 7º: +1 Defesa, 8º: +1 dano, 9º: +1 atributo, 11º: +2 perícia, 12º: +2 Defesa, 13º: +2 rolagens de dano, 14º: +1 atributo, 16º: +2 perícia, 17º: +2 Defesa, 18º: +3 rolagens de dano, 19º: +1 atributo). Você não pode usar itens mágicos (exceto poções), perde o benefício deste poder até o fim da aventura. Você ainda pode lançar magias, receber magias benéficas ou se beneficiar de itens usados por outros. Pré-requisito: Nível 6º.', 'Destino', 'Nível 6º'),
(42, 'Aparência Inofensiva', 'A dificuldade para resistir aos seus testes de Enganação aumenta em +2.', 'Destino', 'Car 1'),
(43, 'Atlético', 'Você recebe +2 em Atletismo e +3m em seu deslocamento.', 'Destino', 'For 2'),
(44, 'Atraente', 'Você recebe +2 em testes de perícias baseadas em Carisma contra criaturas que possam se sentir fisicamente atraídas por você.', 'Destino', 'Car 1'),
(45, 'Comandar', 'Você pode gastar uma ação de movimento e 1 PM para gritar ordens para seus aliados em alcance médio. Eles recebem +1 em testes de perícia até o fim da cena.', 'Destino', 'Car 1'),
(46, 'Costas Largas', 'Seu limite de carga aumenta em 5 espaços e você pode se beneficiar de um item vestido adicional.', 'Destino', 'Con 1, For 1'),
(47, 'Foco em Perícia', 'Escolha uma perícia. Quando faz um teste dessa perícia, você pode gastar 1 PM para rolar dois dados e usar o melhor resultado. Você pode escolher este poder outras vezes para perícias diferentes. Este poder não pode ser aplicado em Luta e Pontaria (mas veja Foco em Arma).', 'Destino', 'Treinado na perícia escolhida'),
(48, 'Inventário Organizado', 'Você soma sua Inteligência no limite de espaços que pode carregar. Para você, itens muito leves ou pequenos como moedas/documentos ocupam meio espaço, em vez de 1/4.', 'Destino', 'Int 1'),
(49, 'Investigador', 'Você recebe +2 em Investigação e soma sua Inteligência em Intuição.', 'Destino', 'Int 1'),
(50, 'Lobo Solitário', 'Você recebe +1 em testes de perícia e Defesa se estiver sem nenhum aliado em alcance curto. Você não sofre penalidade por usar Cura em si mesmo.', 'Destino', NULL),
(51, 'Medicina', 'Você pode gastar 1 PM para fazer um teste de Cura (CD 15) em uma criatura. Se você passar, ela recupera 1d6 PV, mais 1d6 para cada 5 pontos pelos quais o resultado do teste exceder a CD (2d6 com um resultado 20, 3d6 com um resultado 25 e assim por diante). Você só pode usar este poder uma vez por dia na mesma criatura.', 'Destino', 'Sab 1, treinado em Cura'),
(52, 'Parceiro', 'Você possui um parceiro animal ou humanoide que o acompanha em aventuras. Escolha os detalhes dele, como nome, aparência e personalidade. Em termos de jogo, é um parceiro iniciante de um tipo a sua escolha (veja a página 260).', 'Destino', 'Treinado em Adestramento (parceiro animal) ou Diplomacia (parceiro humanoide), 5º nível de personagem'),
(53, 'Sentidos Aguçados', 'Você recebe +2 em Percepção, não fica desprevenido contra inimigos que não possa ver e, sempre que erra um ataque devido a camuflagem, pode rolar mais uma vez o dado da chance de falha.', 'Destino', 'Sab 1, treinado em Percepção'),
(54, 'Sortudo', 'Você pode gastar 3 PM para rolar novamente um teste recém realizado (apenas uma vez por teste).', 'Destino', NULL),
(55, 'Surto Heroico', 'Uma vez por rodada, você pode gastar 5 PM para realizar uma ação padrão ou de movimento adicional.', 'Destino', NULL),
(56, 'Torcida', 'Você recebe +2 em testes de perícia e Defesa quando tem a torcida a seu favor (entenda-se por “torcida” qualquer número de criaturas inteligentes em alcance médio que não esteja realizando nenhuma ação além de torcer por você).', 'Destino', 'Car 1'),
(57, 'Treinamento em Perícia', 'Você se torna treinado em uma perícia a sua escolha. Você pode escolher este poder outras vezes para perícias diferentes.', 'Destino', NULL),
(58, 'Venefício', 'Quando usa um veneno, você não corre risco de se envenenar acidentalmente. Além disso, a CD para resistir aos seus venenos aumenta em +2.', 'Destino', 'Treinado em Ofício (alquimista)'),
(59, 'Vontade de Ferro', 'Você recebe +1 PM para cada dois níveis de personagem e +2 em Vontade.', 'Destino', 'Sab 1'),
(60, 'Celebrar Ritual', 'Você pode lançar magias como rituais. Isso dobra seu limite de PM, mas muda a execução para 1 hora (ou o dobro, o que for maior) e exige um gasto de T$ 10 por PM gastos (em incensos, oferendas...).', 'Magia', 'Misticismo ou Religião, 8º nível de personagem'),
(61, 'Escrever Pergaminho', 'Você pode usar a perícia Ofício (escriba) para fabricar pergaminhos com magias que conheça. Veja a página 121 para a regra de fabricar itens e as páginas 333 e 341 para as regras de pergaminhos.', 'Magia', 'Habilidade de classe Magias, treinado em Ofício (escriba)'),
(62, 'Foco em Magia', 'Escolha uma magia que possa lançar. Seu custo diminui em –1 PM (cumulativo com outras reduções de custo). Você pode escolher este poder outras vezes para magias diferentes.', 'Magia', NULL),
(63, 'Magia Acelerada', 'Muda a execução da magia para ação livre. Você só pode aplicar este aprimoramento em magias com execução de movimento, padrão ou completa e só pode lançar uma magia como ação livre por rodada.', 'Magia', 'Aprimoramento. Custo: +4 PM. Pré-requisito: lançar magias de 2º círculo.'),
(64, 'Magia Ampliada', 'Aumenta o alcance da magia em um passo (de curto para médio, de médio para longo) ou dobra a área de efeito da magia.', 'Magia', 'Aprimoramento. Custo: +2 PM.'),
(65, 'Magia Discreta', 'Você pode lançar a magia sem gesticular e falar, usando apenas concentração. Isso permite lançar magias com as mãos presas, amordaçado etc. Também permite lançar magias arcanas usando armadura sem teste de Misticismo. Outros personagens só percebem que você lançou uma magia se passarem num teste de Misticismo (CD 20).', 'Magia', 'Aprimoramento. Custo: +2 PM.'),
(66, 'Magia Ilimitada', 'Você pode somar seu atributo-chave no limite de PM que pode gastar numa magia. Por exemplo, um arcanista de 5º nível com Int 4 e este poder pode gastar até 9 PM em cada magia.', 'Magia', NULL),
(67, 'Preparar Poção', 'Você pode usar a perícia Ofício (alquimista) para fabricar poções com magias que conheça de 1º e 2º círculos. Veja a página 121 para a regra de fabricar itens e as páginas 333 e 341 para as regras de poções.', 'Magia', 'Habilidade de classe Magias, treinado em Ofício (alquimista)');

-- --------------------------------------------------------

--
-- Estrutura da tabela `t20_racas`
--

CREATE TABLE IF NOT EXISTS `t20_racas` (
  `id` int(11) NOT NULL AUTO_INCREMENT,
  `nome` varchar(100) NOT NULL,
  `ajustes_atributos` text,
  `habilidade_1_nome` varchar(255) DEFAULT NULL,
  `habilidade_1_desc` text,
  `habilidade_2_nome` varchar(255) DEFAULT NULL,
  `habilidade_2_desc` text,
  `habilidade_3_nome` varchar(255) DEFAULT NULL,
  `habilidade_3_desc` text,
  `deslocamento` int(11) DEFAULT '9',
  `tamanho` varchar(50) DEFAULT 'Médio',
  PRIMARY KEY (`id`),
  UNIQUE KEY `nome` (`nome`)
) ENGINE=InnoDB  DEFAULT CHARSET=utf8mb4 AUTO_INCREMENT=18 ;

--
-- Extraindo dados da tabela `t20_racas`
--

INSERT INTO `t20_racas` (`id`, `nome`, `ajustes_atributos`, `habilidade_1_nome`, `habilidade_1_desc`, `habilidade_2_nome`, `habilidade_2_desc`, `habilidade_3_nome`, `habilidade_3_desc`, `deslocamento`, `tamanho`) VALUES
(1, 'Anão', 'CON+2, SAB+1, DES-1', 'Conhecimento das Rochas', 'Você recebe visão no escuro e +2 em testes de Percepção e Sobrevivência realizados no subterrâneo.', 'Devagar e Sempre', 'Seu deslocamento é 6m (em vez de 9m). Porém, seu deslocamento não é reduzido por uso de armadura ou excesso de carga.', 'Duro como Pedra & Tradição de Heredrimm', 'Duro como Pedra: +3 PV no 1º nível e +1 PV por nível seguinte. Tradição de Heredrimm: Você é perito nas armas tradicionais anãs (machados, martelos, marretas e picaretas são armas simples para você). Você recebe +2 em ataques com essas armas.', 6, 'Médio'),
(2, 'Dahllan', 'SAB+2, DES+1, INT-1', 'Amiga das Plantas', 'Você pode lançar a magia Controlar Plantas (atributo-chave Sabedoria). Caso aprenda novamente esta magia, seu custo diminui em –1 PM.', 'Armadura de Allihanna', 'Você pode gastar uma ação de movimento e 1 PM para transformar sua pele em casca de árvore, recebendo +2 na Defesa até o fim da cena.', 'Empatia Selvagem', 'Você pode se comunicar com animais por meio de linguagem corporal e vocalizações. Você pode usar Adestramento para mudar atitude e persuasão com animais (veja Diplomacia). Caso receba esta habilidade novamente, recebe +2 em Adestramento.', 9, 'Médio'),
(3, 'Elfo', 'INT+2, DES+1, CON-1', 'Graça de Glórienn', 'Seu deslocamento é 12m (em vez de 9m).', 'Sangue Mágico', 'Você recebe +1 ponto de mana por nível.', 'Sentidos Élficos', 'Você recebe visão na penumbra e +2 em Misticismo e Percepção.', 12, 'Médio'),
(4, 'Goblin', 'DES+2, INT+1, CAR-1', 'Engenhoso', 'Você não sofre penalidades em testes de perícia por não usar ferramentas. Se usar a ferramenta necessária, recebe +2 no teste de perícia.', 'Espelunqueiro', 'Você recebe visão no escuro e deslocamento de escalada igual ao seu deslocamento terrestre.', 'Peste Esguia & Rato das Ruas', 'Peste Esguia: Tamanho Pequeno, deslocamento 9m. Rato das Ruas: Você recebe +2 em Fortitude e sua recuperação de PV e PM nunca é inferior ao seu nível.', 9, 'Pequeno'),
(5, 'Golem', 'FOR+2, CON+1, CAR-1', 'Chassi', 'Seu corpo artificial é resistente, mas rígido. Seu deslocamento é 6m, mas não é reduzido por uso de armadura ou excesso de carga. Você recebe +2 na Defesa, mas possui penalidade de armadura –2. Você leva um dia para vestir ou remover uma armadura.', 'Criatura Artificial', 'Você é uma criatura do tipo construto. Recebe visão no escuro e imunidade a efeitos de cansaço, metabólicos e de veneno. Não precisa respirar, alimentar-se ou dormir, mas não se beneficia de cura mundana ou itens da categoria alimentação. Precisa ficar inerte por 8h para recarregar (recupera PV e PM). A perícia Cura não funciona em você, mas Ofício (artesão) pode ser usada no lugar dela.', 'Propósito de Criação & Fonte Elemental', 'Propósito de Criação: Sem origem, recebe um poder geral. Fonte Elemental: Escolha entre água (frio), ar (eletricidade), fogo (fogo) e terra (ácido). Você é imune a dano desse tipo. Se fosse sofrer dano mágico desse tipo, em vez disso cura PV em quantidade igual à metade do dano.', 6, 'Médio'),
(6, 'Humano', 'ATRIBUTOS+1,+1,+1', 'Versátil', 'Você se torna treinado em duas perícias a sua escolha (não precisam ser da sua classe). Você pode trocar uma dessas perícias por um poder geral a sua escolha.', NULL, NULL, NULL, NULL, 9, 'Médio'),
(7, 'Hynne', 'DES+2, CAR+1, FOR-1', 'Arremessador', 'Quando faz um ataque à distância com uma funda ou uma arma de arremesso, seu dano aumenta em um passo.', 'Pequeno e Rechonchudo', 'Seu tamanho é Pequeno e seu deslocamento é 6m. Você recebe +2 em Enganação e pode usar Destreza como atributo-chave de Atletismo (em vez de Força).', 'Sorte Salvadora', 'Quando faz um teste de resistência, você pode gastar 1 PM para rolar este teste novamente.', 6, 'Pequeno'),
(8, 'Kliren', 'INT+2, CAR+1, FOR-1', 'Híbrido', 'Você se torna treinado em uma perícia a sua escolha (não precisa ser da sua classe).', 'Engenhosidade', 'Quando faz um teste de perícia, você pode gastar 2 PM para somar sua Inteligência no teste. Não funciona em testes de ataque. Se receber esta habilidade novamente, o custo é reduzido em –1 PM.', 'Ossos Frágeis & Vanguardista', 'Ossos Frágeis: Sofre +1 ponto de dano por dado de impacto. Vanguardista: Recebe proficiência em armas de fogo e +2 em Ofício (um qualquer, à sua escolha).', 9, 'Médio'),
(9, 'Lefou', 'ATRIBUTOS+1,+1,+1, CAR-1', 'Cria da Tormenta', 'Você é uma criatura do tipo monstro e recebe +5 em testes de resistência contra efeitos causados por lefeu e pela Tormenta.', 'Deformidade', 'Você recebe +2 em duas perícias a sua escolha. Cada um desses bônus conta como um poder da Tormenta (exceto para perda de Carisma). Você pode trocar um desses bônus por um poder da Tormenta a sua escolha (ele também não conta para perda de Carisma).', NULL, NULL, 9, 'Médio'),
(10, 'Medusa', 'DES+2, CAR+1', 'Cria de Megalokk', 'Você é uma criatura do tipo monstro e recebe visão no escuro.', 'Natureza Venenosa', 'Você recebe resistência a veneno +5 e pode gastar uma ação de movimento e 1 PM para envenenar uma arma que esteja usando. A arma causa perda de 1d12 PV (veneno). Dura até acertar um ataque ou fim da cena.', 'Olhar Atordoante', 'Você pode gastar uma ação de movimento e 1 PM para forçar uma criatura em alcance curto a fazer um teste de Fortitude (CD Car). Se falhar, fica atordoada por uma rodada (apenas uma vez por cena).', 9, 'Médio'),
(11, 'Minotauro', 'FOR+2, CON+1, SAB-1', 'Chifres', 'Você possui uma arma natural de chifres (dano 1d6, crítico x2, perfuração). Uma vez por rodada, quando usa a ação agredir para atacar com outra arma, pode gastar 1 PM para fazer um ataque corpo a corpo extra com os chifres.', 'Couro Rígido', 'Sua pele é dura como a de um touro. Você recebe +1 na Defesa.', 'Faro', 'Você tem olfato apurado. Contra inimigos em alcance curto que não possa ver, você não fica desprevenido e camuflagem total lhe causa apenas 20% de chance de falha.', 9, 'Médio'),
(12, 'Osteon', 'ATRIBUTOS+1,+1,+1,-exceto-CON, CON-1', 'Armadura Óssea', 'Você recebe redução de corte, frio e perfuração 5.', 'Memória Póstuma', 'Você se torna treinado em uma perícia (não precisa ser da sua classe) OU recebe um poder geral a sua escolha. Alternativamente, pode ser um osteon de outra raça (escolha uma habilidade dessa raça; se a raça for de tamanho diferente, você possui esse tamanho).', 'Natureza Esquelética & Preço da Não Vida', 'Natureza Esquelética: Morto-vivo, visão no escuro, imunidades (cansaço, metabólico, trevas, veneno), não precisa respirar/comer/dormir. Cura de luz causa dano, trevas cura. Preço da Não Vida: Precisa passar 8h sob estrelas ou subterrâneo para recuperar PV/PM por descanso (imune a condições boas/ruins). Caso contrário, sofre fome.', 9, 'Médio'),
(13, 'Qareen', 'CAR+2, INT+1, SAB-1', 'Desejos', 'Se lançar uma magia que alguém tenha pedido desde seu último turno, o custo da magia diminui em –1 PM. Fazer um desejo é ação livre.', 'Resistência Elemental', 'Conforme sua ascendência, você recebe RD 10 a um tipo de dano: frio (água), eletricidade (ar), fogo (fogo), ácido (terra), luz (luz) ou trevas (trevas).', 'Tatuagem Mística', 'Você pode lançar uma magia de 1º círculo a sua escolha (atributo-chave Carisma). Caso aprenda novamente essa magia, seu custo diminui em –1 PM.', 9, 'Médio'),
(14, 'Sereia/Tritão', 'ATRIBUTOS+1,+1,+1', 'Canção dos Mares', 'Você pode lançar duas das magias a seguir: Amedrontar, Comando, Despedaçar, Enfeitiçar, Hipnotismo ou Sono (atributo-chave Carisma). Caso aprenda novamente uma dessas magias, seu custo diminui em –1 PM.', 'Mestre do Tridente', 'Para você, o tridente é uma arma simples. Além disso, você recebe +2 em rolagens de dano com azagaias, lanças e tridentes.', 'Transformação Anfíbia', 'Você pode respirar debaixo d’água e possui deslocamento de natação 12m. Fora d’água, tem pernas (deslocamento 9m). Se ficar mais de um dia sem contato com água, não recupera PM com descanso.', 9, 'Médio'),
(15, 'Sílfide', 'CAR+2, DES+1, FOR-2', 'Asas de Borboleta', 'Seu tamanho é Minúsculo. Pode pairar a 1,5m do chão (desl. 9m), ignorando terreno difícil e imune a dano por queda (se consciente). Pode gastar 1 PM por rodada para voar com desl. 12m.', 'Espírito da Natureza', 'Você é do tipo espírito, recebe visão na penumbra e pode falar com animais livremente.', 'Magia das Fadas', 'Você pode lançar duas das magias a seguir: Criar Ilusão, Enfeitiçar, Luz (arcana) ou Sono (atributo-chave Carisma). Caso aprenda novamente uma dessas magias, seu custo diminui em –1 PM.', 9, 'Minúsculo'),
(16, 'Suraggel', 'SAB+2, CAR+1 (Aggelus); DES+2, INT+1 (Sulfure)', 'Herança Divina', 'Você é uma criatura do tipo espírito e recebe visão no escuro.', 'Luz Sagrada (Aggelus)', 'Você recebe +2 em Diplomacia e Intuição. Pode lançar Luz (divina, Carisma). Custo -1 PM se aprender de novo.', 'Sombras Profanas (Sulfure)', 'Você recebe +2 em Enganação e Furtividade. Pode lançar Escuridão (divina, Inteligência). Custo -1 PM se aprender de novo.', 9, 'Médio'),
(17, 'Trog', 'CON+2, FOR+1, INT-1', 'Mau Cheiro', 'Você pode gastar ação padrão e 2 PM para expelir gás fétido. Criaturas em alcance curto (exceto trogs) devem passar em Fortitude (CD Con) ou ficam enjoadas por 1d6 rodadas. Imunidade por um dia se passar.', 'Mordida', 'Arma natural de mordida (dano 1d6, crítico x2, perfuração). Uma vez por rodada, ao usar ação agredir com outra arma, pode gastar 1 PM para ataque extra com mordida.', 'Reptiliano & Sangue Frio', 'Reptiliano: Monstro, visão no escuro, +1 Defesa (se sem armadura/roupa pesada), +5 Furtividade. Sangue Frio: Sofre +1 ponto de dano por dado de dano de frio.', 9, 'Médio');

-- --------------------------------------------------------

--
-- Estrutura da tabela `trilhas`
--

CREATE TABLE IF NOT EXISTS `trilhas` (
  `id` int(11) NOT NULL AUTO_INCREMENT,
  `classe_id` int(11) NOT NULL,
  `nome` varchar(100) NOT NULL,
  PRIMARY KEY (`id`),
  KEY `classe_id` (`classe_id`)
) ENGINE=InnoDB  DEFAULT CHARSET=utf8mb4 AUTO_INCREMENT=16 ;

--
-- Extraindo dados da tabela `trilhas`
--

INSERT INTO `trilhas` (`id`, `classe_id`, `nome`) VALUES
(1, 1, 'Aniquilador'),
(2, 1, 'Comandante de Campo'),
(3, 1, 'Guerreiro'),
(4, 1, 'Operações Especiais'),
(5, 1, 'Tropa de Choque'),
(6, 2, 'Atirador de elite'),
(7, 2, 'Infiltrador'),
(8, 2, 'Médico de campo'),
(9, 2, 'Negociador'),
(10, 2, 'Técnico'),
(11, 3, 'Conduite'),
(12, 3, 'Flagelador'),
(13, 3, 'Graduado'),
(14, 3, 'Intuitivo'),
(15, 3, 'Lâmina Paranormal');

-- --------------------------------------------------------

--
-- Estrutura da tabela `usuarios`
--

CREATE TABLE IF NOT EXISTS `usuarios` (
  `id` int(11) NOT NULL AUTO_INCREMENT,
  `nome_usuario` varchar(50) NOT NULL,
  `email` varchar(100) NOT NULL,
  `senha` varchar(255) NOT NULL,
  PRIMARY KEY (`id`),
  UNIQUE KEY `email` (`email`)
) ENGINE=InnoDB  DEFAULT CHARSET=latin1 AUTO_INCREMENT=3 ;

--
-- Extraindo dados da tabela `usuarios`
--

INSERT INTO `usuarios` (`id`, `nome_usuario`, `email`, `senha`) VALUES
(1, 'Lemuaira', 'rodrigueskaio337@gmail.com', '827ccb0eea8a706c4c34a16891f84e7b'),
(2, 'Testilson', 'Testilson@gmail.com', '827ccb0eea8a706c4c34a16891f84e7b');

--
-- Constraints for dumped tables
--

--
-- Limitadores para a tabela `historias`
--
ALTER TABLE `historias`
  ADD CONSTRAINT `historias_ibfk_1` FOREIGN KEY (`user_id`) REFERENCES `usuarios` (`id`) ON DELETE CASCADE;

--
-- Limitadores para a tabela `inventario_op`
--
ALTER TABLE `inventario_op`
  ADD CONSTRAINT `fk_inventario_op_item` FOREIGN KEY (`item_id`) REFERENCES `itens_op` (`id`) ON DELETE CASCADE,
  ADD CONSTRAINT `fk_inventario_op_personagem` FOREIGN KEY (`personagem_id`) REFERENCES `personagens_op` (`id`) ON DELETE CASCADE;

--
-- Limitadores para a tabela `mundos`
--
ALTER TABLE `mundos`
  ADD CONSTRAINT `mundos_ibfk_1` FOREIGN KEY (`user_id`) REFERENCES `usuarios` (`id`) ON DELETE CASCADE;

--
-- Limitadores para a tabela `op_personagem_itens`
--
ALTER TABLE `op_personagem_itens`
  ADD CONSTRAINT `op_personagem_itens_ibfk_1` FOREIGN KEY (`personagem_id`) REFERENCES `personagens_op` (`id`) ON DELETE CASCADE;

--
-- Limitadores para a tabela `pericias`
--
ALTER TABLE `pericias`
  ADD CONSTRAINT `fk_pericia_personagem` FOREIGN KEY (`personagem_id`) REFERENCES `personagens_op` (`id`) ON DELETE CASCADE;

--
-- Limitadores para a tabela `personagem_t20_inventario`
--
ALTER TABLE `personagem_t20_inventario`
  ADD CONSTRAINT `fk_item_inventario_t20` FOREIGN KEY (`item_id`) REFERENCES `t20_itens` (`id`) ON DELETE CASCADE,
  ADD CONSTRAINT `fk_personagem_inventario_t20` FOREIGN KEY (`personagem_id`) REFERENCES `personagens_t20` (`id`) ON DELETE CASCADE;

--
-- Limitadores para a tabela `personagem_t20_poderes`
--
ALTER TABLE `personagem_t20_poderes`
  ADD CONSTRAINT `fk_personagem_poder_t20` FOREIGN KEY (`personagem_id`) REFERENCES `personagens_t20` (`id`) ON DELETE CASCADE;

--
-- Limitadores para a tabela `personagens_op`
--
ALTER TABLE `personagens_op`
  ADD CONSTRAINT `fk_classe` FOREIGN KEY (`classe_id`) REFERENCES `classes` (`id`) ON DELETE SET NULL,
  ADD CONSTRAINT `fk_origem` FOREIGN KEY (`origem_id`) REFERENCES `origens` (`id`) ON DELETE SET NULL,
  ADD CONSTRAINT `fk_trilha` FOREIGN KEY (`trilha_id`) REFERENCES `trilhas` (`id`) ON DELETE SET NULL,
  ADD CONSTRAINT `fk_user_op` FOREIGN KEY (`user_id`) REFERENCES `usuarios` (`id`) ON DELETE CASCADE;

--
-- Limitadores para a tabela `personagens_op_poderes`
--
ALTER TABLE `personagens_op_poderes`
  ADD CONSTRAINT `fk_poder_personagem` FOREIGN KEY (`personagem_id`) REFERENCES `personagens_op` (`id`) ON DELETE CASCADE;

--
-- Limitadores para a tabela `personagens_t20`
--
ALTER TABLE `personagens_t20`
  ADD CONSTRAINT `fk_user_t20` FOREIGN KEY (`user_id`) REFERENCES `usuarios` (`id`) ON DELETE CASCADE;

--
-- Limitadores para a tabela `poderes_classe`
--
ALTER TABLE `poderes_classe`
  ADD CONSTRAINT `poderes_classe_ibfk_1` FOREIGN KEY (`classe_id`) REFERENCES `classes` (`id`) ON DELETE CASCADE;

--
-- Limitadores para a tabela `poderes_trilha`
--
ALTER TABLE `poderes_trilha`
  ADD CONSTRAINT `poderes_trilha_ibfk_1` FOREIGN KEY (`trilha_id`) REFERENCES `trilhas` (`id`) ON DELETE CASCADE;

--
-- Limitadores para a tabela `t20_divindade_poderes`
--
ALTER TABLE `t20_divindade_poderes`
  ADD CONSTRAINT `fk_divindade_link` FOREIGN KEY (`divindade_id`) REFERENCES `t20_divindades` (`id`) ON DELETE CASCADE,
  ADD CONSTRAINT `fk_poder_divino_link` FOREIGN KEY (`poder_divino_id`) REFERENCES `t20_poderes_divinos` (`id`) ON DELETE CASCADE;

--
-- Limitadores para a tabela `t20_habilidades_classe_auto`
--
ALTER TABLE `t20_habilidades_classe_auto`
  ADD CONSTRAINT `fk_habilidade_da_classe` FOREIGN KEY (`classe_id`) REFERENCES `t20_classes` (`id`) ON DELETE CASCADE;

--
-- Limitadores para a tabela `t20_poderes_classe`
--
ALTER TABLE `t20_poderes_classe`
  ADD CONSTRAINT `fk_poder_da_classe` FOREIGN KEY (`classe_id`) REFERENCES `t20_classes` (`id`) ON DELETE CASCADE;

--
-- Limitadores para a tabela `trilhas`
--
ALTER TABLE `trilhas`
  ADD CONSTRAINT `trilhas_ibfk_1` FOREIGN KEY (`classe_id`) REFERENCES `classes` (`id`);

/*!40101 SET CHARACTER_SET_CLIENT=@OLD_CHARACTER_SET_CLIENT */;
/*!40101 SET CHARACTER_SET_RESULTS=@OLD_CHARACTER_SET_RESULTS */;
/*!40101 SET COLLATION_CONNECTION=@OLD_COLLATION_CONNECTION */;
